This is XeTeX, Version 3.141592653-2.6-0.999996 (TeX Live 2024) (preloaded format=xelatex 2024.3.22)  19 DEC 2025 09:03
entering extended mode
 restricted \write18 enabled.
 file:line:error style messages enabled.
 %&-line parsing enabled.
**d:/Note-Library/Math-note/LQR/note_template
(d:/Note-Library/Math-note/LQR/note_template.tex
LaTeX2e <2023-11-01> patch level 1
L3 programming layer <2024-02-20>
(./NoteBook.cls
Document Class: NoteBook 2017/09/16 v2.6 Standard LaTeX Template for CUMCM
(d:/texlive/2024/texmf-dist/tex/latex/base/article.cls
Document Class: article 2023/05/17 v1.4n Standard LaTeX document class
(d:/texlive/2024/texmf-dist/tex/latex/base/size12.clo
File: size12.clo 2023/05/17 v1.4n Standard LaTeX file (size option)
)
\c@part=\count184
\c@section=\count185
\c@subsection=\count186
\c@subsubsection=\count187
\c@paragraph=\count188
\c@subparagraph=\count189
\c@figure=\count190
\c@table=\count191
\abovecaptionskip=\skip48
\belowcaptionskip=\skip49
\bibindent=\dimen140
) (d:/texlive/2024/texmf-dist/tex/generic/iftex/ifxetex.sty
Package: ifxetex 2019/10/25 v0.7 ifxetex legacy package. Use iftex instead.
 (d:/texlive/2024/texmf-dist/tex/generic/iftex/iftex.sty
Package: iftex 2022/02/03 v1.0f TeX engine tests
)) (d:/texlive/2024/texmf-dist/tex/latex/ctex/ctex.sty (d:/texlive/2024/texmf-dist/tex/latex/l3kernel/expl3.sty
Package: expl3 2024-02-20 L3 programming layer (loader) 
 (d:/texlive/2024/texmf-dist/tex/latex/l3backend/l3backend-xetex.def
File: l3backend-xetex.def 2024-02-20 L3 backend support: XeTeX
\g__graphics_track_int=\count192
\l__pdf_internal_box=\box51
\g__pdf_backend_object_int=\count193
\g__pdf_backend_annotation_int=\count194
\g__pdf_backend_link_int=\count195
))
Package: ctex 2022/07/14 v2.5.10 Chinese adapter in LaTeX (CTEX)
 (d:/texlive/2024/texmf-dist/tex/latex/ctex/ctexhook.sty
Package: ctexhook 2022/07/14 v2.5.10 Document and package hooks (CTEX)
) (d:/texlive/2024/texmf-dist/tex/latex/ctex/ctexpatch.sty
Package: ctexpatch 2022/07/14 v2.5.10 Patching commands (CTEX)
) (d:/texlive/2024/texmf-dist/tex/latex/base/fix-cm.sty
Package: fix-cm 2020/11/24 v1.1t fixes to LaTeX
 (d:/texlive/2024/texmf-dist/tex/latex/base/ts1enc.def
File: ts1enc.def 2001/06/05 v3.0e (jk/car/fm) Standard LaTeX file
LaTeX Font Info:    Redeclaring font encoding TS1 on input line 47.
))
\l__ctex_tmp_int=\count196
\l__ctex_tmp_box=\box52
\l__ctex_tmp_dim=\dimen141
\g__ctex_section_depth_int=\count197
\g__ctex_font_size_int=\count198
 (d:/texlive/2024/texmf-dist/tex/latex/ctex/config/ctexopts.cfg
File: ctexopts.cfg 2022/07/14 v2.5.10 Option configuration file (CTEX)
) (d:/texlive/2024/texmf-dist/tex/latex/ctex/engine/ctex-engine-xetex.def
File: ctex-engine-xetex.def 2022/07/14 v2.5.10 XeLaTeX adapter (CTEX)
 (d:/texlive/2024/texmf-dist/tex/xelatex/xecjk/xeCJK.sty
Package: xeCJK 2022/08/05 v3.9.1 Typesetting CJK scripts with XeLaTeX
 (d:/texlive/2024/texmf-dist/tex/latex/l3packages/xtemplate/xtemplate.sty (d:/texlive/2024/texmf-dist/tex/latex/l3packages/xtemplate/xtemplate-2023-10-10.sty
Package: xtemplate 2023-10-10 L3 Experimental prototype document functions
\l__xtemplate_tmp_dim=\dimen142
\l__xtemplate_tmp_int=\count199
\l__xtemplate_tmp_muskip=\muskip16
\l__xtemplate_tmp_skip=\skip50
))
\l__xeCJK_tmp_int=\count266
\l__xeCJK_tmp_box=\box53
\l__xeCJK_tmp_dim=\dimen143
\l__xeCJK_tmp_skip=\skip51
\g__xeCJK_space_factor_int=\count267
\l__xeCJK_begin_int=\count268
\l__xeCJK_end_int=\count269
\c__xeCJK_CJK_class_int=\XeTeXcharclass1
\c__xeCJK_FullLeft_class_int=\XeTeXcharclass2
\c__xeCJK_FullRight_class_int=\XeTeXcharclass3
\c__xeCJK_HalfLeft_class_int=\XeTeXcharclass4
\c__xeCJK_HalfRight_class_int=\XeTeXcharclass5
\c__xeCJK_NormalSpace_class_int=\XeTeXcharclass6
\c__xeCJK_CM_class_int=\XeTeXcharclass7
\c__xeCJK_HangulJamo_class_int=\XeTeXcharclass8
\l__xeCJK_last_skip=\skip52
\c__xeCJK_none_node=\count270
\g__xeCJK_node_int=\count271
\c__xeCJK_CJK_node_dim=\dimen144
\c__xeCJK_CJK-space_node_dim=\dimen145
\c__xeCJK_default_node_dim=\dimen146
\c__xeCJK_CJK-widow_node_dim=\dimen147
\c__xeCJK_normalspace_node_dim=\dimen148
\c__xeCJK_default-space_node_skip=\skip53
\l__xeCJK_ccglue_skip=\skip54
\l__xeCJK_ecglue_skip=\skip55
\l__xeCJK_punct_kern_skip=\skip56
\l__xeCJK_indent_box=\box54
\l__xeCJK_last_penalty_int=\count272
\l__xeCJK_last_bound_dim=\dimen149
\l__xeCJK_last_kern_dim=\dimen150
\l__xeCJK_widow_penalty_int=\count273

Package xtemplate Info: Declaring object type 'xeCJK/punctuation' taking 0
(xtemplate)             argument(s) on line 2396.

\l__xeCJK_fixed_punct_width_dim=\dimen151
\l__xeCJK_mixed_punct_width_dim=\dimen152
\l__xeCJK_middle_punct_width_dim=\dimen153
\l__xeCJK_fixed_margin_width_dim=\dimen154
\l__xeCJK_mixed_margin_width_dim=\dimen155
\l__xeCJK_middle_margin_width_dim=\dimen156
\l__xeCJK_bound_punct_width_dim=\dimen157
\l__xeCJK_bound_margin_width_dim=\dimen158
\l__xeCJK_margin_minimum_dim=\dimen159
\l__xeCJK_kerning_total_width_dim=\dimen160
\l__xeCJK_same_align_margin_dim=\dimen161
\l__xeCJK_different_align_margin_dim=\dimen162
\l__xeCJK_kerning_margin_width_dim=\dimen163
\l__xeCJK_kerning_margin_minimum_dim=\dimen164
\l__xeCJK_bound_dim=\dimen165
\l__xeCJK_reverse_bound_dim=\dimen166
\l__xeCJK_margin_dim=\dimen167
\l__xeCJK_minimum_bound_dim=\dimen168
\l__xeCJK_kerning_margin_dim=\dimen169
\g__xeCJK_family_int=\count274
\l__xeCJK_fam_int=\count275
\g__xeCJK_fam_allocation_int=\count276
\l__xeCJK_verb_case_int=\count277
\l__xeCJK_verb_exspace_skip=\skip57
 (d:/texlive/2024/texmf-dist/tex/latex/fontspec/fontspec.sty (d:/texlive/2024/texmf-dist/tex/latex/l3packages/xparse/xparse.sty
Package: xparse 2024-02-18 L3 Experimental document command parser
)
Package: fontspec 2024/02/13 v2.9a Font selection for XeLaTeX and LuaLaTeX
 (d:/texlive/2024/texmf-dist/tex/latex/fontspec/fontspec-xetex.sty
Package: fontspec-xetex 2024/02/13 v2.9a Font selection for XeLaTeX and LuaLaTeX
\l__fontspec_script_int=\count278
\l__fontspec_language_int=\count279
\l__fontspec_strnum_int=\count280
\l__fontspec_tmp_int=\count281
\l__fontspec_tmpa_int=\count282
\l__fontspec_tmpb_int=\count283
\l__fontspec_tmpc_int=\count284
\l__fontspec_em_int=\count285
\l__fontspec_emdef_int=\count286
\l__fontspec_strong_int=\count287
\l__fontspec_strongdef_int=\count288
\l__fontspec_tmpa_dim=\dimen170
\l__fontspec_tmpb_dim=\dimen171
\l__fontspec_tmpc_dim=\dimen172
 (d:/texlive/2024/texmf-dist/tex/latex/base/fontenc.sty
Package: fontenc 2021/04/29 v2.0v Standard LaTeX package
) (d:/texlive/2024/texmf-dist/tex/latex/fontspec/fontspec.cfg))) (d:/texlive/2024/texmf-dist/tex/xelatex/xecjk/xeCJK.cfg
File: xeCJK.cfg 2022/08/05 v3.9.1 Configuration file for xeCJK package
))
\ccwd=\dimen173
\l__ctex_ccglue_skip=\skip58
)
\l__ctex_ziju_dim=\dimen174
 (d:/texlive/2024/texmf-dist/tex/latex/zhnumber/zhnumber.sty
Package: zhnumber 2022/07/14 v3.0 Typesetting numbers with Chinese glyphs
\l__zhnum_scale_int=\count289
\l__zhnum_tmp_int=\count290
 (d:/texlive/2024/texmf-dist/tex/latex/zhnumber/zhnumber-utf8.cfg
File: zhnumber-utf8.cfg 2022/07/14 v3.0 Chinese numerals with UTF8 encoding
)) (d:/texlive/2024/texmf-dist/tex/latex/ctex/scheme/ctex-scheme-chinese.def
File: ctex-scheme-chinese.def 2022/07/14 v2.5.10 Chinese scheme for generic (CTEX)
 (d:/texlive/2024/texmf-dist/tex/latex/ctex/config/ctex-name-utf8.cfg
File: ctex-name-utf8.cfg 2022/07/14 v2.5.10 Caption with encoding UTF-8 (CTEX)
)) (d:/texlive/2024/texmf-dist/tex/latex/tools/indentfirst.sty
Package: indentfirst 2023/07/02 v1.03 Indent first paragraph (DPC)
) (d:/texlive/2024/texmf-dist/tex/latex/ctex/ctex-c5size.clo
File: ctex-c5size.clo 2022/07/14 v2.5.10 c5size option (CTEX)
) (d:/texlive/2024/texmf-dist/tex/latex/ctex/fontset/ctex-fontset-windows.def
File: ctex-fontset-windows.def 2022/07/14 v2.5.10 Windows fonts definition (CTEX)
)) (d:/texlive/2024/texmf-dist/tex/latex/ctex/config/ctex.cfg
File: ctex.cfg 2022/07/14 v2.5.10 Configuration file (CTEX)
) (d:/texlive/2024/texmf-dist/tex/latex/geometry/geometry.sty
Package: geometry 2020/01/02 v5.9 Page Geometry
 (d:/texlive/2024/texmf-dist/tex/latex/graphics/keyval.sty
Package: keyval 2022/05/29 v1.15 key=value parser (DPC)
\KV@toks@=\toks17
) (d:/texlive/2024/texmf-dist/tex/generic/iftex/ifvtex.sty
Package: ifvtex 2019/10/25 v1.7 ifvtex legacy package. Use iftex instead.
)
\Gm@cnth=\count291
\Gm@cntv=\count292
\c@Gm@tempcnt=\count293
\Gm@bindingoffset=\dimen175
\Gm@wd@mp=\dimen176
\Gm@odd@mp=\dimen177
\Gm@even@mp=\dimen178
\Gm@layoutwidth=\dimen179
\Gm@layoutheight=\dimen180
\Gm@layouthoffset=\dimen181
\Gm@layoutvoffset=\dimen182
\Gm@dimlist=\toks18
) (d:/texlive/2024/texmf-dist/tex/latex/amsmath/amsmath.sty
Package: amsmath 2023/05/13 v2.17o AMS math features
\@mathmargin=\skip59

For additional information on amsmath, use the `?' option.
(d:/texlive/2024/texmf-dist/tex/latex/amsmath/amstext.sty
Package: amstext 2021/08/26 v2.01 AMS text
 (d:/texlive/2024/texmf-dist/tex/latex/amsmath/amsgen.sty
File: amsgen.sty 1999/11/30 v2.0 generic functions
\@emptytoks=\toks19
\ex@=\dimen183
)) (d:/texlive/2024/texmf-dist/tex/latex/amsmath/amsbsy.sty
Package: amsbsy 1999/11/29 v1.2d Bold Symbols
\pmbraise@=\dimen184
) (d:/texlive/2024/texmf-dist/tex/latex/amsmath/amsopn.sty
Package: amsopn 2022/04/08 v2.04 operator names
)
\inf@bad=\count294
LaTeX Info: Redefining \frac on input line 234.
\uproot@=\count295
\leftroot@=\count296
LaTeX Info: Redefining \overline on input line 399.
LaTeX Info: Redefining \colon on input line 410.
\classnum@=\count297
\DOTSCASE@=\count298
LaTeX Info: Redefining \ldots on input line 496.
LaTeX Info: Redefining \dots on input line 499.
LaTeX Info: Redefining \cdots on input line 620.
\Mathstrutbox@=\box55
\strutbox@=\box56
LaTeX Info: Redefining \big on input line 722.
LaTeX Info: Redefining \Big on input line 723.
LaTeX Info: Redefining \bigg on input line 724.
LaTeX Info: Redefining \Bigg on input line 725.
\big@size=\dimen185
LaTeX Font Info:    Redeclaring font encoding OML on input line 743.
LaTeX Font Info:    Redeclaring font encoding OMS on input line 744.
\macc@depth=\count299
LaTeX Info: Redefining \bmod on input line 905.
LaTeX Info: Redefining \pmod on input line 910.
LaTeX Info: Redefining \smash on input line 940.
LaTeX Info: Redefining \relbar on input line 970.
LaTeX Info: Redefining \Relbar on input line 971.
\c@MaxMatrixCols=\count300
\dotsspace@=\muskip17
\c@parentequation=\count301
\dspbrk@lvl=\count302
\tag@help=\toks20
\row@=\count303
\column@=\count304
\maxfields@=\count305
\andhelp@=\toks21
\eqnshift@=\dimen186
\alignsep@=\dimen187
\tagshift@=\dimen188
\tagwidth@=\dimen189
\totwidth@=\dimen190
\lineht@=\dimen191
\@envbody=\toks22
\multlinegap=\skip60
\multlinetaggap=\skip61
\mathdisplay@stack=\toks23
LaTeX Info: Redefining \[ on input line 2953.
LaTeX Info: Redefining \] on input line 2954.
) (d:/texlive/2024/texmf-dist/tex/latex/amsfonts/amsfonts.sty
Package: amsfonts 2013/01/14 v3.01 Basic AMSFonts support
\symAMSa=\mathgroup4
\symAMSb=\mathgroup5
LaTeX Font Info:    Redeclaring math symbol \hbar on input line 98.
LaTeX Font Info:    Overwriting math alphabet `\mathfrak' in version `bold'
(Font)                  U/euf/m/n --> U/euf/b/n on input line 106.
) (d:/texlive/2024/texmf-dist/tex/latex/amsfonts/amssymb.sty
Package: amssymb 2013/01/14 v3.01 AMS font symbols
) (d:/texlive/2024/texmf-dist/tex/latex/tools/bm.sty
Package: bm 2023/07/08 v1.2f Bold Symbol Support (DPC/FMi)
\symboldoperators=\mathgroup6
\symboldletters=\mathgroup7
\symboldsymbols=\mathgroup8
Package bm Info: No bold for \OMX/cmex/m/n, using \pmb.
Package bm Info: No bold for \U/msa/m/n, using \pmb.
Package bm Info: No bold for \U/msb/m/n, using \pmb.
LaTeX Font Info:    Redeclaring math alphabet \mathbf on input line 149.
) (d:/texlive/2024/texmf-dist/tex/latex/xcolor/xcolor.sty
Package: xcolor 2023/11/15 v3.01 LaTeX color extensions (UK)
 (d:/texlive/2024/texmf-dist/tex/latex/graphics-cfg/color.cfg
File: color.cfg 2016/01/02 v1.6 sample color configuration
)
Package xcolor Info: Driver file: xetex.def on input line 274.
 (d:/texlive/2024/texmf-dist/tex/latex/graphics-def/xetex.def
File: xetex.def 2022/09/22 v5.0n Graphics/color driver for xetex
) (d:/texlive/2024/texmf-dist/tex/latex/graphics/mathcolor.ltx)
Package xcolor Info: Model `cmy' substituted by `cmy0' on input line 1350.
Package xcolor Info: Model `RGB' extended on input line 1366.
Package xcolor Info: Model `HTML' substituted by `rgb' on input line 1368.
Package xcolor Info: Model `Hsb' substituted by `hsb' on input line 1369.
Package xcolor Info: Model `tHsb' substituted by `hsb' on input line 1370.
Package xcolor Info: Model `HSB' substituted by `hsb' on input line 1371.
Package xcolor Info: Model `Gray' substituted by `gray' on input line 1372.
Package xcolor Info: Model `wave' substituted by `hsb' on input line 1373.
) (d:/texlive/2024/texmf-dist/tex/latex/graphics/dvipsnam.def
File: dvipsnam.def 2016/06/17 v3.0m Driver-dependent file (DPC,SPQR)
) (d:/texlive/2024/texmf-dist/tex/latex/graphics/graphicx.sty
Package: graphicx 2021/09/16 v1.2d Enhanced LaTeX Graphics (DPC,SPQR)
 (d:/texlive/2024/texmf-dist/tex/latex/graphics/graphics.sty
Package: graphics 2022/03/10 v1.4e Standard LaTeX Graphics (DPC,SPQR)
 (d:/texlive/2024/texmf-dist/tex/latex/graphics/trig.sty
Package: trig 2021/08/11 v1.11 sin cos tan (DPC)
) (d:/texlive/2024/texmf-dist/tex/latex/graphics-cfg/graphics.cfg
File: graphics.cfg 2016/06/04 v1.11 sample graphics configuration
)
Package graphics Info: Driver file: xetex.def on input line 107.
)
\Gin@req@height=\dimen192
\Gin@req@width=\dimen193
) (d:/texlive/2024/texmf-dist/tex/latex/float/float.sty
Package: float 2001/11/08 v1.3d Float enhancements (AL)
\c@float@type=\count306
\float@exts=\toks24
\float@box=\box57
\@float@everytoks=\toks25
\@floatcapt=\box58
) (d:/texlive/2024/texmf-dist/tex/latex/tools/array.sty
Package: array 2023/10/16 v2.5g Tabular extension package (FMi)
\col@sep=\dimen194
\ar@mcellbox=\box59
\extrarowheight=\dimen195
\NC@list=\toks26
\extratabsurround=\skip62
\backup@length=\skip63
\ar@cellbox=\box60
) (d:/texlive/2024/texmf-dist/tex/latex/tools/longtable.sty
Package: longtable 2023-11-01 v4.19 Multi-page Table package (DPC)
\LTleft=\skip64
\LTright=\skip65
\LTpre=\skip66
\LTpost=\skip67
\LTchunksize=\count307
\LTcapwidth=\dimen196
\LT@head=\box61
\LT@firsthead=\box62
\LT@foot=\box63
\LT@lastfoot=\box64
\LT@gbox=\box65
\LT@cols=\count308
\LT@rows=\count309
\c@LT@tables=\count310
\c@LT@chunks=\count311
\LT@p@ftn=\toks27
) (d:/texlive/2024/texmf-dist/tex/latex/booktabs/booktabs.sty
Package: booktabs 2020/01/12 v1.61803398 Publication quality tables
\heavyrulewidth=\dimen197
\lightrulewidth=\dimen198
\cmidrulewidth=\dimen199
\belowrulesep=\dimen256
\belowbottomsep=\dimen257
\aboverulesep=\dimen258
\abovetopsep=\dimen259
\cmidrulesep=\dimen260
\cmidrulekern=\dimen261
\defaultaddspace=\dimen262
\@cmidla=\count312
\@cmidlb=\count313
\@aboverulesep=\dimen263
\@belowrulesep=\dimen264
\@thisruleclass=\count314
\@lastruleclass=\count315
\@thisrulewidth=\dimen265
) (d:/texlive/2024/texmf-dist/tex/latex/tools/tabularx.sty
Package: tabularx 2023/07/08 v2.11c `tabularx' package (DPC)
\TX@col@width=\dimen266
\TX@old@table=\dimen267
\TX@old@col=\dimen268
\TX@target=\dimen269
\TX@delta=\dimen270
\TX@cols=\count316
\TX@ftn=\toks28
) (d:/texlive/2024/texmf-dist/tex/latex/multirow/multirow.sty
Package: multirow 2021/03/15 v2.8 Span multiple rows of a table
\multirow@colwidth=\skip68
\multirow@cntb=\count317
\multirow@dima=\skip69
\bigstrutjot=\dimen271
) (d:/texlive/2024/texmf-dist/tex/latex/multirow/bigstrut.sty
Package: bigstrut 2021/03/15 v2.8 Provide larger struts in tabulars
) (d:/texlive/2024/texmf-dist/tex/latex/multirow/bigdelim.sty
Package: bigdelim 2021/03/15 v2.8 Create big delimiters in tabular or array
) (d:/texlive/2024/texmf-dist/tex/latex/cprotect/cprotect.sty
Package: cprotect 2011/01/27 v1.0e (Bruno Le Floch)
 (d:/texlive/2024/texmf-dist/tex/latex/base/ifthen.sty
Package: ifthen 2022/04/13 v1.1d Standard LaTeX ifthen package (DPC)
) (d:/texlive/2024/texmf-dist/tex/latex/bigfoot/suffix.sty
Package: suffix 2006/07/15 1.5a Variant command support
)
\CPT@WriteOut=\write3
\c@CPT@WriteCount=\count318
\c@CPT@numB=\count319
\CPT@commandatend@toks=\toks29
) (d:/texlive/2024/texmf-dist/tex/latex/listings/listings.sty
\lst@mode=\count320
\lst@gtempboxa=\box66
\lst@token=\toks30
\lst@length=\count321
\lst@currlwidth=\dimen272
\lst@column=\count322
\lst@pos=\count323
\lst@lostspace=\dimen273
\lst@width=\dimen274
\lst@newlines=\count324
\lst@lineno=\count325
\lst@maxwidth=\dimen275
 (d:/texlive/2024/texmf-dist/tex/latex/listings/lstpatch.sty
File: lstpatch.sty 2024/02/21 1.10 (Carsten Heinz)
) (d:/texlive/2024/texmf-dist/tex/latex/listings/lstmisc.sty
File: lstmisc.sty 2024/02/21 1.10 (Carsten Heinz)
\c@lstnumber=\count326
\lst@skipnumbers=\count327
\lst@framebox=\box67
) (d:/texlive/2024/texmf-dist/tex/latex/listings/listings.cfg
File: listings.cfg 2024/02/21 1.10 listings configuration
))
Package: listings 2024/02/21 1.10 (Carsten Heinz)
 (d:/texlive/2024/texmf-dist/tex/xelatex/xecjk/xeCJK-listings.sty
Package: xeCJK-listings 2022/08/05 v3.9.1 xeCJK patch file for listings
\l__xeCJK_listings_max_char_int=\count328
\l__xeCJK_listings_flag_int=\count329
) (d:/texlive/2024/texmf-dist/tex/latex/url/url.sty
\Urlmuskip=\muskip18
Package: url 2013/09/16  ver 3.4  Verb mode for urls, etc.
) (d:/texlive/2024/texmf-dist/tex/latex/caption/subcaption.sty
Package: subcaption 2023/07/28 v1.6b Sub-captions (AR)
 (d:/texlive/2024/texmf-dist/tex/latex/caption/caption.sty
Package: caption 2023/08/05 v3.6o Customizing captions (AR)
 (d:/texlive/2024/texmf-dist/tex/latex/caption/caption3.sty
Package: caption3 2023/07/31 v2.4d caption3 kernel (AR)
\caption@tempdima=\dimen276
\captionmargin=\dimen277
\caption@leftmargin=\dimen278
\caption@rightmargin=\dimen279
\caption@width=\dimen280
\caption@indent=\dimen281
\caption@parindent=\dimen282
\caption@hangindent=\dimen283
Package caption Info: Standard document class detected.
)
\c@caption@flags=\count330
\c@continuedfloat=\count331
Package caption Info: float package is loaded.
Package caption Info: listings package is loaded.
Package caption Info: longtable package is loaded.
 (d:/texlive/2024/texmf-dist/tex/latex/caption/ltcaption.sty
Package: ltcaption 2021/01/08 v1.4c longtable captions (AR)
))
Package caption Info: New subtype `subfigure' on input line 238.
\c@subfigure=\count332
Package caption Info: New subtype `subtable' on input line 238.
\c@subtable=\count333
) (d:/texlive/2024/texmf-dist/tex/latex/tocloft/tocloft.sty
Package: tocloft 2017/08/31 v2.3i parameterised ToC, etc., typesetting
Package tocloft Info: The document has section divisions on input line 51.
\cftparskip=\skip70
\cftbeforetoctitleskip=\skip71
\cftaftertoctitleskip=\skip72
\cftbeforepartskip=\skip73
\cftpartnumwidth=\skip74
\cftpartindent=\skip75
\cftbeforesecskip=\skip76
\cftsecindent=\skip77
\cftsecnumwidth=\skip78
\cftbeforesubsecskip=\skip79
\cftsubsecindent=\skip80
\cftsubsecnumwidth=\skip81
\cftbeforesubsubsecskip=\skip82
\cftsubsubsecindent=\skip83
\cftsubsubsecnumwidth=\skip84
\cftbeforeparaskip=\skip85
\cftparaindent=\skip86
\cftparanumwidth=\skip87
\cftbeforesubparaskip=\skip88
\cftsubparaindent=\skip89
\cftsubparanumwidth=\skip90
\cftbeforeloftitleskip=\skip91
\cftafterloftitleskip=\skip92
\cftbeforefigskip=\skip93
\cftfigindent=\skip94
\cftfignumwidth=\skip95
\c@lofdepth=\count334
\c@lotdepth=\count335
\cftbeforelottitleskip=\skip96
\cftafterlottitleskip=\skip97
\cftbeforetabskip=\skip98
\cfttabindent=\skip99
\cfttabnumwidth=\skip100
) (d:/texlive/2024/texmf-dist/tex/latex/titlesec/titlesec.sty
Package: titlesec 2023/10/27 v2.16 Sectioning titles
\ttl@box=\box68
\beforetitleunit=\skip101
\aftertitleunit=\skip102
\ttl@plus=\dimen284
\ttl@minus=\dimen285
\ttl@toksa=\toks31
\titlewidth=\dimen286
\titlewidthlast=\dimen287
\titlewidthfirst=\dimen288
) (d:/texlive/2024/texmf-dist/tex/latex/titlesec/titletoc.sty
Package: titletoc 2023/10/27 v2.16 TOC entries
\ttl@leftsep=\dimen289
) (d:/texlive/2024/texmf-dist/tex/latex/enumitem/enumitem.sty
Package: enumitem 2019/06/20 v3.9 Customized lists
\labelindent=\skip103
\enit@outerparindent=\dimen290
\enit@toks=\toks32
\enit@inbox=\box69
\enit@count@id=\count336
\enitdp@description=\count337
) (d:/texlive/2024/texmf-dist/tex/generic/ulem/ulem.sty
\UL@box=\box70
\UL@hyphenbox=\box71
\UL@skip=\skip104
\UL@hook=\toks33
\UL@height=\dimen291
\UL@pe=\count338
\UL@pixel=\dimen292
\ULC@box=\box72
Package: ulem 2019/11/18
\ULdepth=\dimen293
) (d:/texlive/2024/texmf-dist/tex/latex/tools/calc.sty
Package: calc 2023/07/08 v4.3 Infix arithmetic (KKT,FJ)
\calc@Acount=\count339
\calc@Bcount=\count340
\calc@Adimen=\dimen294
\calc@Bdimen=\dimen295
\calc@Askip=\skip105
\calc@Bskip=\skip106
LaTeX Info: Redefining \setlength on input line 80.
LaTeX Info: Redefining \addtolength on input line 81.
\calc@Ccount=\count341
\calc@Cskip=\skip107
) (d:/texlive/2024/texmf-dist/tex/latex/appendix/appendix.sty
Package: appendix 2020/02/08 v1.2c extra appendix facilities
\c@@pps=\count342
\c@@ppsavesec=\count343
\c@@ppsaveapp=\count344
) (d:/texlive/2024/texmf-dist/tex/latex/etoolbox/etoolbox.sty
Package: etoolbox 2020/10/05 v2.5k e-TeX tools for LaTeX (JAW)
\etb@tempcnta=\count345
) (d:/texlive/2024/texmf-dist/tex/latex/hyperref/hyperref.sty
Package: hyperref 2024-01-20 v7.01h Hypertext links for LaTeX
 (d:/texlive/2024/texmf-dist/tex/latex/kvsetkeys/kvsetkeys.sty
Package: kvsetkeys 2022-10-05 v1.19 Key value parser (HO)
) (d:/texlive/2024/texmf-dist/tex/generic/kvdefinekeys/kvdefinekeys.sty
Package: kvdefinekeys 2019-12-19 v1.6 Define keys (HO)
) (d:/texlive/2024/texmf-dist/tex/generic/pdfescape/pdfescape.sty
Package: pdfescape 2019/12/09 v1.15 Implements pdfTeX's escape features (HO)
 (d:/texlive/2024/texmf-dist/tex/generic/ltxcmds/ltxcmds.sty
Package: ltxcmds 2023-12-04 v1.26 LaTeX kernel commands for general use (HO)
) (d:/texlive/2024/texmf-dist/tex/generic/pdftexcmds/pdftexcmds.sty
Package: pdftexcmds 2020-06-27 v0.33 Utility functions of pdfTeX for LuaTeX (HO)
 (d:/texlive/2024/texmf-dist/tex/generic/infwarerr/infwarerr.sty
Package: infwarerr 2019/12/03 v1.5 Providing info/warning/error messages (HO)
)
Package pdftexcmds Info: \pdf@primitive is available.
Package pdftexcmds Info: \pdf@ifprimitive is available.
Package pdftexcmds Info: \pdfdraftmode not found.
)) (d:/texlive/2024/texmf-dist/tex/latex/hycolor/hycolor.sty
Package: hycolor 2020-01-27 v1.10 Color options for hyperref/bookmark (HO)
) (d:/texlive/2024/texmf-dist/tex/latex/auxhook/auxhook.sty
Package: auxhook 2019-12-17 v1.6 Hooks for auxiliary files (HO)
) (d:/texlive/2024/texmf-dist/tex/latex/hyperref/nameref.sty
Package: nameref 2023-11-26 v2.56 Cross-referencing by name of section
 (d:/texlive/2024/texmf-dist/tex/latex/refcount/refcount.sty
Package: refcount 2019/12/15 v3.6 Data extraction from label references (HO)
) (d:/texlive/2024/texmf-dist/tex/generic/gettitlestring/gettitlestring.sty
Package: gettitlestring 2019/12/15 v1.6 Cleanup title references (HO)
 (d:/texlive/2024/texmf-dist/tex/latex/kvoptions/kvoptions.sty
Package: kvoptions 2022-06-15 v3.15 Key value format for package options (HO)
))
\c@section@level=\count346
)
\@linkdim=\dimen296
\Hy@linkcounter=\count347
\Hy@pagecounter=\count348
 (d:/texlive/2024/texmf-dist/tex/latex/hyperref/pd1enc.def
File: pd1enc.def 2024-01-20 v7.01h Hyperref: PDFDocEncoding definition (HO)
) (d:/texlive/2024/texmf-dist/tex/generic/intcalc/intcalc.sty
Package: intcalc 2019/12/15 v1.3 Expandable calculations with integers (HO)
)
\Hy@SavedSpaceFactor=\count349
 (d:/texlive/2024/texmf-dist/tex/latex/hyperref/puenc.def
File: puenc.def 2024-01-20 v7.01h Hyperref: PDF Unicode definition (HO)
)
Package hyperref Info: Option `unicode' set `true' on input line 4062.
Package hyperref Info: Hyper figures OFF on input line 4179.
Package hyperref Info: Link nesting OFF on input line 4184.
Package hyperref Info: Hyper index ON on input line 4187.
Package hyperref Info: Plain pages OFF on input line 4194.
Package hyperref Info: Backreferencing OFF on input line 4199.
Package hyperref Info: Implicit mode ON; LaTeX internals redefined.
Package hyperref Info: Bookmarks ON on input line 4446.
\c@Hy@tempcnt=\count350
LaTeX Info: Redefining \url on input line 4784.
\XeTeXLinkMargin=\dimen297
 (d:/texlive/2024/texmf-dist/tex/generic/bitset/bitset.sty
Package: bitset 2019/12/09 v1.3 Handle bit-vector datatype (HO)
 (d:/texlive/2024/texmf-dist/tex/generic/bigintcalc/bigintcalc.sty
Package: bigintcalc 2019/12/15 v1.5 Expandable calculations on big integers (HO)
))
\Fld@menulength=\count351
\Field@Width=\dimen298
\Fld@charsize=\dimen299
Package hyperref Info: Hyper figures OFF on input line 6063.
Package hyperref Info: Link nesting OFF on input line 6068.
Package hyperref Info: Hyper index ON on input line 6071.
Package hyperref Info: backreferencing OFF on input line 6078.
Package hyperref Info: Link coloring OFF on input line 6083.
Package hyperref Info: Link coloring with OCG OFF on input line 6088.
Package hyperref Info: PDF/A mode OFF on input line 6093.
 (d:/texlive/2024/texmf-dist/tex/latex/base/atbegshi-ltx.sty
Package: atbegshi-ltx 2021/01/10 v1.0c Emulation of the original atbegshi
package with kernel methods
)
\Hy@abspage=\count352
\c@Item=\count353
\c@Hfootnote=\count354
)
Package hyperref Info: Driver (autodetected): hxetex.
 (d:/texlive/2024/texmf-dist/tex/latex/hyperref/hxetex.def
File: hxetex.def 2024-01-20 v7.01h Hyperref driver for XeTeX
 (d:/texlive/2024/texmf-dist/tex/generic/stringenc/stringenc.sty
Package: stringenc 2019/11/29 v1.12 Convert strings between diff. encodings (HO)
)
\pdfm@box=\box73
\c@Hy@AnnotLevel=\count355
\HyField@AnnotCount=\count356
\Fld@listcount=\count357
\c@bookmark@seq@number=\count358
 (d:/texlive/2024/texmf-dist/tex/latex/rerunfilecheck/rerunfilecheck.sty
Package: rerunfilecheck 2022-07-10 v1.10 Rerun checks for auxiliary files (HO)
 (d:/texlive/2024/texmf-dist/tex/latex/base/atveryend-ltx.sty
Package: atveryend-ltx 2020/08/19 v1.0a Emulation of the original atveryend package
with kernel methods
) (d:/texlive/2024/texmf-dist/tex/generic/uniquecounter/uniquecounter.sty
Package: uniquecounter 2019/12/15 v1.4 Provide unlimited unique counter (HO)
)
Package uniquecounter Info: New unique counter `rerunfilecheck' on input line 285.
)
\Hy@SectionHShift=\skip108
) (d:/texlive/2024/texmf-dist/tex/latex/cleveref/cleveref.sty
Package: cleveref 2018/03/27 v0.21.4 Intelligent cross-referencing
Package cleveref Info: `hyperref' support loaded on input line 2370.
LaTeX Info: Redefining \cref on input line 2370.
LaTeX Info: Redefining \Cref on input line 2370.
LaTeX Info: Redefining \crefrange on input line 2370.
LaTeX Info: Redefining \Crefrange on input line 2370.
LaTeX Info: Redefining \cpageref on input line 2370.
LaTeX Info: Redefining \Cpageref on input line 2370.
LaTeX Info: Redefining \cpagerefrange on input line 2370.
LaTeX Info: Redefining \Cpagerefrange on input line 2370.
LaTeX Info: Redefining \labelcref on input line 2370.
LaTeX Info: Redefining \labelcpageref on input line 2370.
Package cleveref Info: `listings' support loaded on input line 3131.
)
\c@definition=\count359
\c@theorem=\count360
\c@lemma=\count361
\c@corollary=\count362
\c@assumption=\count363
\c@conjecture=\count364
\c@axiom=\count365
\c@principle=\count366
\c@problem=\count367
\c@example=\count368
\c@proof=\count369
\c@solution=\count370
Package hyperref Info: Option `CJKbookmarks' set `true' on input line 260.
Package hyperref Info: Option `bookmarksnumbered' set `true' on input line 260.
Package hyperref Info: Option `bookmarksopen' set `true' on input line 260.
Package hyperref Info: Option `colorlinks' set `true' on input line 260.
Package hyperref Info: Option `breaklinks' set `true' on input line 260.
) (d:/texlive/2024/texmf-dist/tex/latex/natbib/natbib.sty
Package: natbib 2010/09/13 8.31b (PWD, AO)
\bibhang=\skip109
\bibsep=\skip110
LaTeX Info: Redefining \cite on input line 694.
\c@NAT@ctr=\count371
) (d:/texlive/2024/texmf-dist/tex/latex/mdframed/mdframed.sty
Package: mdframed 2013/07/01 1.9b: mdframed
 (d:/texlive/2024/texmf-dist/tex/latex/zref/zref-abspage.sty
Package: zref-abspage 2023-09-14 v2.35 Module abspage for zref (HO)
 (d:/texlive/2024/texmf-dist/tex/latex/zref/zref-base.sty
Package: zref-base 2023-09-14 v2.35 Module base for zref (HO)
 (d:/texlive/2024/texmf-dist/tex/generic/etexcmds/etexcmds.sty
Package: etexcmds 2019/12/15 v1.7 Avoid name clashes with e-TeX commands (HO)
)
Package zref Info: New property list: main on input line 767.
Package zref Info: New property: default on input line 768.
Package zref Info: New property: page on input line 769.
)
\c@abspage=\count372
Package zref Info: New property: abspage on input line 67.
) (d:/texlive/2024/texmf-dist/tex/latex/needspace/needspace.sty
Package: needspace 2010/09/12 v1.3d reserve vertical space
)
\mdf@templength=\skip111
\c@mdf@globalstyle@cnt=\count373
\mdf@skipabove@length=\skip112
\mdf@skipbelow@length=\skip113
\mdf@leftmargin@length=\skip114
\mdf@rightmargin@length=\skip115
\mdf@innerleftmargin@length=\skip116
\mdf@innerrightmargin@length=\skip117
\mdf@innertopmargin@length=\skip118
\mdf@innerbottommargin@length=\skip119
\mdf@splittopskip@length=\skip120
\mdf@splitbottomskip@length=\skip121
\mdf@outermargin@length=\skip122
\mdf@innermargin@length=\skip123
\mdf@linewidth@length=\skip124
\mdf@innerlinewidth@length=\skip125
\mdf@middlelinewidth@length=\skip126
\mdf@outerlinewidth@length=\skip127
\mdf@roundcorner@length=\skip128
\mdf@footenotedistance@length=\skip129
\mdf@userdefinedwidth@length=\skip130
\mdf@needspace@length=\skip131
\mdf@frametitleaboveskip@length=\skip132
\mdf@frametitlebelowskip@length=\skip133
\mdf@frametitlerulewidth@length=\skip134
\mdf@frametitleleftmargin@length=\skip135
\mdf@frametitlerightmargin@length=\skip136
\mdf@shadowsize@length=\skip137
\mdf@extratopheight@length=\skip138
\mdf@subtitleabovelinewidth@length=\skip139
\mdf@subtitlebelowlinewidth@length=\skip140
\mdf@subtitleaboveskip@length=\skip141
\mdf@subtitlebelowskip@length=\skip142
\mdf@subtitleinneraboveskip@length=\skip143
\mdf@subtitleinnerbelowskip@length=\skip144
\mdf@subsubtitleabovelinewidth@length=\skip145
\mdf@subsubtitlebelowlinewidth@length=\skip146
\mdf@subsubtitleaboveskip@length=\skip147
\mdf@subsubtitlebelowskip@length=\skip148
\mdf@subsubtitleinneraboveskip@length=\skip149
\mdf@subsubtitleinnerbelowskip@length=\skip150
 (d:/texlive/2024/texmf-dist/tex/latex/pgf/frontendlayer/tikz.sty (d:/texlive/2024/texmf-dist/tex/latex/pgf/basiclayer/pgf.sty (d:/texlive/2024/texmf-dist/tex/latex/pgf/utilities/pgfrcs.sty (d:/texlive/2024/texmf-dist/tex/generic/pgf/utilities/pgfutil-common.tex
\pgfutil@everybye=\toks34
\pgfutil@tempdima=\dimen300
\pgfutil@tempdimb=\dimen301
) (d:/texlive/2024/texmf-dist/tex/generic/pgf/utilities/pgfutil-latex.def
\pgfutil@abb=\box74
) (d:/texlive/2024/texmf-dist/tex/generic/pgf/utilities/pgfrcs.code.tex (d:/texlive/2024/texmf-dist/tex/generic/pgf/pgf.revision.tex)
Package: pgfrcs 2023-01-15 v3.1.10 (3.1.10)
))
Package: pgf 2023-01-15 v3.1.10 (3.1.10)
 (d:/texlive/2024/texmf-dist/tex/latex/pgf/basiclayer/pgfcore.sty (d:/texlive/2024/texmf-dist/tex/latex/pgf/systemlayer/pgfsys.sty (d:/texlive/2024/texmf-dist/tex/generic/pgf/systemlayer/pgfsys.code.tex
Package: pgfsys 2023-01-15 v3.1.10 (3.1.10)
 (d:/texlive/2024/texmf-dist/tex/generic/pgf/utilities/pgfkeys.code.tex
\pgfkeys@pathtoks=\toks35
\pgfkeys@temptoks=\toks36
 (d:/texlive/2024/texmf-dist/tex/generic/pgf/utilities/pgfkeyslibraryfiltered.code.tex
\pgfkeys@tmptoks=\toks37
))
\pgf@x=\dimen302
\pgf@y=\dimen303
\pgf@xa=\dimen304
\pgf@ya=\dimen305
\pgf@xb=\dimen306
\pgf@yb=\dimen307
\pgf@xc=\dimen308
\pgf@yc=\dimen309
\pgf@xd=\dimen310
\pgf@yd=\dimen311
\w@pgf@writea=\write4
\r@pgf@reada=\read2
\c@pgf@counta=\count374
\c@pgf@countb=\count375
\c@pgf@countc=\count376
\c@pgf@countd=\count377
\t@pgf@toka=\toks38
\t@pgf@tokb=\toks39
\t@pgf@tokc=\toks40
\pgf@sys@id@count=\count378
 (d:/texlive/2024/texmf-dist/tex/generic/pgf/systemlayer/pgf.cfg
File: pgf.cfg 2023-01-15 v3.1.10 (3.1.10)
)
Driver file for pgf: pgfsys-xetex.def
 (d:/texlive/2024/texmf-dist/tex/generic/pgf/systemlayer/pgfsys-xetex.def
File: pgfsys-xetex.def 2023-01-15 v3.1.10 (3.1.10)
 (d:/texlive/2024/texmf-dist/tex/generic/pgf/systemlayer/pgfsys-dvipdfmx.def
File: pgfsys-dvipdfmx.def 2023-01-15 v3.1.10 (3.1.10)
 (d:/texlive/2024/texmf-dist/tex/generic/pgf/systemlayer/pgfsys-common-pdf.def
File: pgfsys-common-pdf.def 2023-01-15 v3.1.10 (3.1.10)
)
\pgfsys@objnum=\count379
))) (d:/texlive/2024/texmf-dist/tex/generic/pgf/systemlayer/pgfsyssoftpath.code.tex
File: pgfsyssoftpath.code.tex 2023-01-15 v3.1.10 (3.1.10)
\pgfsyssoftpath@smallbuffer@items=\count380
\pgfsyssoftpath@bigbuffer@items=\count381
) (d:/texlive/2024/texmf-dist/tex/generic/pgf/systemlayer/pgfsysprotocol.code.tex
File: pgfsysprotocol.code.tex 2023-01-15 v3.1.10 (3.1.10)
)) (d:/texlive/2024/texmf-dist/tex/generic/pgf/basiclayer/pgfcore.code.tex
Package: pgfcore 2023-01-15 v3.1.10 (3.1.10)
 (d:/texlive/2024/texmf-dist/tex/generic/pgf/math/pgfmath.code.tex (d:/texlive/2024/texmf-dist/tex/generic/pgf/math/pgfmathutil.code.tex) (d:/texlive/2024/texmf-dist/tex/generic/pgf/math/pgfmathparser.code.tex
\pgfmath@dimen=\dimen312
\pgfmath@count=\count382
\pgfmath@box=\box75
\pgfmath@toks=\toks41
\pgfmath@stack@operand=\toks42
\pgfmath@stack@operation=\toks43
) (d:/texlive/2024/texmf-dist/tex/generic/pgf/math/pgfmathfunctions.code.tex) (d:/texlive/2024/texmf-dist/tex/generic/pgf/math/pgfmathfunctions.basic.code.tex) (d:/texlive/2024/texmf-dist/tex/generic/pgf/math/pgfmathfunctions.trigonometric.code.tex) (d:/texlive/2024/texmf-dist/tex/generic/pgf/math/pgfmathfunctions.random.code.tex) (d:/texlive/2024/texmf-dist/tex/generic/pgf/math/pgfmathfunctions.comparison.code.tex) (d:/texlive/2024/texmf-dist/tex/generic/pgf/math/pgfmathfunctions.base.code.tex) (d:/texlive/2024/texmf-dist/tex/generic/pgf/math/pgfmathfunctions.round.code.tex) (d:/texlive/2024/texmf-dist/tex/generic/pgf/math/pgfmathfunctions.misc.code.tex) (d:/texlive/2024/texmf-dist/tex/generic/pgf/math/pgfmathfunctions.integerarithmetics.code.tex) (d:/texlive/2024/texmf-dist/tex/generic/pgf/math/pgfmathcalc.code.tex) (d:/texlive/2024/texmf-dist/tex/generic/pgf/math/pgfmathfloat.code.tex
\c@pgfmathroundto@lastzeros=\count383
)) (d:/texlive/2024/texmf-dist/tex/generic/pgf/math/pgfint.code.tex) (d:/texlive/2024/texmf-dist/tex/generic/pgf/basiclayer/pgfcorepoints.code.tex
File: pgfcorepoints.code.tex 2023-01-15 v3.1.10 (3.1.10)
\pgf@picminx=\dimen313
\pgf@picmaxx=\dimen314
\pgf@picminy=\dimen315
\pgf@picmaxy=\dimen316
\pgf@pathminx=\dimen317
\pgf@pathmaxx=\dimen318
\pgf@pathminy=\dimen319
\pgf@pathmaxy=\dimen320
\pgf@xx=\dimen321
\pgf@xy=\dimen322
\pgf@yx=\dimen323
\pgf@yy=\dimen324
\pgf@zx=\dimen325
\pgf@zy=\dimen326
) (d:/texlive/2024/texmf-dist/tex/generic/pgf/basiclayer/pgfcorepathconstruct.code.tex
File: pgfcorepathconstruct.code.tex 2023-01-15 v3.1.10 (3.1.10)
\pgf@path@lastx=\dimen327
\pgf@path@lasty=\dimen328
) (d:/texlive/2024/texmf-dist/tex/generic/pgf/basiclayer/pgfcorepathusage.code.tex
File: pgfcorepathusage.code.tex 2023-01-15 v3.1.10 (3.1.10)
\pgf@shorten@end@additional=\dimen329
\pgf@shorten@start@additional=\dimen330
) (d:/texlive/2024/texmf-dist/tex/generic/pgf/basiclayer/pgfcorescopes.code.tex
File: pgfcorescopes.code.tex 2023-01-15 v3.1.10 (3.1.10)
\pgfpic=\box76
\pgf@hbox=\box77
\pgf@layerbox@main=\box78
\pgf@picture@serial@count=\count384
) (d:/texlive/2024/texmf-dist/tex/generic/pgf/basiclayer/pgfcoregraphicstate.code.tex
File: pgfcoregraphicstate.code.tex 2023-01-15 v3.1.10 (3.1.10)
\pgflinewidth=\dimen331
) (d:/texlive/2024/texmf-dist/tex/generic/pgf/basiclayer/pgfcoretransformations.code.tex
File: pgfcoretransformations.code.tex 2023-01-15 v3.1.10 (3.1.10)
\pgf@pt@x=\dimen332
\pgf@pt@y=\dimen333
\pgf@pt@temp=\dimen334
) (d:/texlive/2024/texmf-dist/tex/generic/pgf/basiclayer/pgfcorequick.code.tex
File: pgfcorequick.code.tex 2023-01-15 v3.1.10 (3.1.10)
) (d:/texlive/2024/texmf-dist/tex/generic/pgf/basiclayer/pgfcoreobjects.code.tex
File: pgfcoreobjects.code.tex 2023-01-15 v3.1.10 (3.1.10)
) (d:/texlive/2024/texmf-dist/tex/generic/pgf/basiclayer/pgfcorepathprocessing.code.tex
File: pgfcorepathprocessing.code.tex 2023-01-15 v3.1.10 (3.1.10)
) (d:/texlive/2024/texmf-dist/tex/generic/pgf/basiclayer/pgfcorearrows.code.tex
File: pgfcorearrows.code.tex 2023-01-15 v3.1.10 (3.1.10)
\pgfarrowsep=\dimen335
) (d:/texlive/2024/texmf-dist/tex/generic/pgf/basiclayer/pgfcoreshade.code.tex
File: pgfcoreshade.code.tex 2023-01-15 v3.1.10 (3.1.10)
\pgf@max=\dimen336
\pgf@sys@shading@range@num=\count385
\pgf@shadingcount=\count386
) (d:/texlive/2024/texmf-dist/tex/generic/pgf/basiclayer/pgfcoreimage.code.tex
File: pgfcoreimage.code.tex 2023-01-15 v3.1.10 (3.1.10)
) (d:/texlive/2024/texmf-dist/tex/generic/pgf/basiclayer/pgfcoreexternal.code.tex
File: pgfcoreexternal.code.tex 2023-01-15 v3.1.10 (3.1.10)
\pgfexternal@startupbox=\box79
) (d:/texlive/2024/texmf-dist/tex/generic/pgf/basiclayer/pgfcorelayers.code.tex
File: pgfcorelayers.code.tex 2023-01-15 v3.1.10 (3.1.10)
) (d:/texlive/2024/texmf-dist/tex/generic/pgf/basiclayer/pgfcoretransparency.code.tex
File: pgfcoretransparency.code.tex 2023-01-15 v3.1.10 (3.1.10)
) (d:/texlive/2024/texmf-dist/tex/generic/pgf/basiclayer/pgfcorepatterns.code.tex
File: pgfcorepatterns.code.tex 2023-01-15 v3.1.10 (3.1.10)
) (d:/texlive/2024/texmf-dist/tex/generic/pgf/basiclayer/pgfcorerdf.code.tex
File: pgfcorerdf.code.tex 2023-01-15 v3.1.10 (3.1.10)
))) (d:/texlive/2024/texmf-dist/tex/generic/pgf/modules/pgfmoduleshapes.code.tex
File: pgfmoduleshapes.code.tex 2023-01-15 v3.1.10 (3.1.10)
\pgfnodeparttextbox=\box80
) (d:/texlive/2024/texmf-dist/tex/generic/pgf/modules/pgfmoduleplot.code.tex
File: pgfmoduleplot.code.tex 2023-01-15 v3.1.10 (3.1.10)
) (d:/texlive/2024/texmf-dist/tex/latex/pgf/compatibility/pgfcomp-version-0-65.sty
Package: pgfcomp-version-0-65 2023-01-15 v3.1.10 (3.1.10)
\pgf@nodesepstart=\dimen337
\pgf@nodesepend=\dimen338
) (d:/texlive/2024/texmf-dist/tex/latex/pgf/compatibility/pgfcomp-version-1-18.sty
Package: pgfcomp-version-1-18 2023-01-15 v3.1.10 (3.1.10)
)) (d:/texlive/2024/texmf-dist/tex/latex/pgf/utilities/pgffor.sty (d:/texlive/2024/texmf-dist/tex/latex/pgf/utilities/pgfkeys.sty (d:/texlive/2024/texmf-dist/tex/generic/pgf/utilities/pgfkeys.code.tex)) (d:/texlive/2024/texmf-dist/tex/latex/pgf/math/pgfmath.sty (d:/texlive/2024/texmf-dist/tex/generic/pgf/math/pgfmath.code.tex)) (d:/texlive/2024/texmf-dist/tex/generic/pgf/utilities/pgffor.code.tex
Package: pgffor 2023-01-15 v3.1.10 (3.1.10)
\pgffor@iter=\dimen339
\pgffor@skip=\dimen340
\pgffor@stack=\toks44
\pgffor@toks=\toks45
)) (d:/texlive/2024/texmf-dist/tex/generic/pgf/frontendlayer/tikz/tikz.code.tex
Package: tikz 2023-01-15 v3.1.10 (3.1.10)
 (d:/texlive/2024/texmf-dist/tex/generic/pgf/libraries/pgflibraryplothandlers.code.tex
File: pgflibraryplothandlers.code.tex 2023-01-15 v3.1.10 (3.1.10)
\pgf@plot@mark@count=\count387
\pgfplotmarksize=\dimen341
)
\tikz@lastx=\dimen342
\tikz@lasty=\dimen343
\tikz@lastxsaved=\dimen344
\tikz@lastysaved=\dimen345
\tikz@lastmovetox=\dimen346
\tikz@lastmovetoy=\dimen347
\tikzleveldistance=\dimen348
\tikzsiblingdistance=\dimen349
\tikz@figbox=\box81
\tikz@figbox@bg=\box82
\tikz@tempbox=\box83
\tikz@tempbox@bg=\box84
\tikztreelevel=\count388
\tikznumberofchildren=\count389
\tikznumberofcurrentchild=\count390
\tikz@fig@count=\count391
 (d:/texlive/2024/texmf-dist/tex/generic/pgf/modules/pgfmodulematrix.code.tex
File: pgfmodulematrix.code.tex 2023-01-15 v3.1.10 (3.1.10)
\pgfmatrixcurrentrow=\count392
\pgfmatrixcurrentcolumn=\count393
\pgf@matrix@numberofcolumns=\count394
)
\tikz@expandcount=\count395
 (d:/texlive/2024/texmf-dist/tex/generic/pgf/frontendlayer/tikz/libraries/tikzlibrarytopaths.code.tex
File: tikzlibrarytopaths.code.tex 2023-01-15 v3.1.10 (3.1.10)
))) (d:/texlive/2024/texmf-dist/tex/latex/mdframed/md-frame-1.mdf
File: md-frame-1.mdf 2013/07/01\ 1.9b: md-frame-1
)
\mdf@frametitlebox=\box85
\mdf@footnotebox=\box86
\mdf@splitbox@one=\box87
\mdf@splitbox@two=\box88
\mdf@splitbox@save=\box89
\mdfsplitboxwidth=\skip151
\mdfsplitboxtotalwidth=\skip152
\mdfsplitboxheight=\skip153
\mdfsplitboxdepth=\skip154
\mdfsplitboxtotalheight=\skip155
\mdfframetitleboxwidth=\skip156
\mdfframetitleboxtotalwidth=\skip157
\mdfframetitleboxheight=\skip158
\mdfframetitleboxdepth=\skip159
\mdfframetitleboxtotalheight=\skip160
\mdffootnoteboxwidth=\skip161
\mdffootnoteboxtotalwidth=\skip162
\mdffootnoteboxheight=\skip163
\mdffootnoteboxdepth=\skip164
\mdffootnoteboxtotalheight=\skip165
\mdftotallinewidth=\skip166
\mdfboundingboxwidth=\skip167
\mdfboundingboxtotalwidth=\skip168
\mdfboundingboxheight=\skip169
\mdfboundingboxdepth=\skip170
\mdfboundingboxtotalheight=\skip171
\mdf@freevspace@length=\skip172
\mdf@horizontalwidthofbox@length=\skip173
\mdf@verticalmarginwhole@length=\skip174
\mdf@horizontalspaceofbox=\skip175
\mdfsubtitleheight=\skip176
\mdfsubsubtitleheight=\skip177
\c@mdfcountframes=\count396

****** mdframed patching \endmdf@trivlist

****** -- success******

\mdf@envdepth=\count397
\c@mdf@env@i=\count398
\c@mdf@env@ii=\count399
\c@mdf@zref@counter=\count400
Package zref Info: New property: mdf@pagevalue on input line 895.
)
No file note_template.aux.
\openout1 = `note_template.aux'.

LaTeX Font Info:    Checking defaults for OML/cmm/m/it on input line 19.
LaTeX Font Info:    ... okay on input line 19.
LaTeX Font Info:    Checking defaults for OMS/cmsy/m/n on input line 19.
LaTeX Font Info:    ... okay on input line 19.
LaTeX Font Info:    Checking defaults for OT1/cmr/m/n on input line 19.
LaTeX Font Info:    ... okay on input line 19.
LaTeX Font Info:    Checking defaults for T1/cmr/m/n on input line 19.
LaTeX Font Info:    ... okay on input line 19.
LaTeX Font Info:    Checking defaults for TS1/cmr/m/n on input line 19.
LaTeX Font Info:    ... okay on input line 19.
LaTeX Font Info:    Checking defaults for TU/lmr/m/n on input line 19.
LaTeX Font Info:    ... okay on input line 19.
LaTeX Font Info:    Checking defaults for OMX/cmex/m/n on input line 19.
LaTeX Font Info:    ... okay on input line 19.
LaTeX Font Info:    Checking defaults for U/cmr/m/n on input line 19.
LaTeX Font Info:    ... okay on input line 19.
LaTeX Font Info:    Checking defaults for PD1/pdf/m/n on input line 19.
LaTeX Font Info:    ... okay on input line 19.
LaTeX Font Info:    Checking defaults for PU/pdf/m/n on input line 19.
LaTeX Font Info:    ... okay on input line 19.
\symlegacymaths=\mathgroup9
LaTeX Font Info:    Overwriting symbol font `legacymaths' in version `bold'
(Font)                  OT1/cmr/m/n --> OT1/cmr/bx/n on input line 19.
LaTeX Font Info:    Redeclaring math accent \acute on input line 19.
LaTeX Font Info:    Redeclaring math accent \grave on input line 19.
LaTeX Font Info:    Redeclaring math accent \ddot on input line 19.
LaTeX Font Info:    Redeclaring math accent \tilde on input line 19.
LaTeX Font Info:    Redeclaring math accent \bar on input line 19.
LaTeX Font Info:    Redeclaring math accent \breve on input line 19.
LaTeX Font Info:    Redeclaring math accent \check on input line 19.
LaTeX Font Info:    Redeclaring math accent \hat on input line 19.
LaTeX Font Info:    Redeclaring math accent \dot on input line 19.
LaTeX Font Info:    Redeclaring math accent \mathring on input line 19.
LaTeX Font Info:    Redeclaring math symbol \Gamma on input line 19.
LaTeX Font Info:    Redeclaring math symbol \Delta on input line 19.
LaTeX Font Info:    Redeclaring math symbol \Theta on input line 19.
LaTeX Font Info:    Redeclaring math symbol \Lambda on input line 19.
LaTeX Font Info:    Redeclaring math symbol \Xi on input line 19.
LaTeX Font Info:    Redeclaring math symbol \Pi on input line 19.
LaTeX Font Info:    Redeclaring math symbol \Sigma on input line 19.
LaTeX Font Info:    Redeclaring math symbol \Upsilon on input line 19.
LaTeX Font Info:    Redeclaring math symbol \Phi on input line 19.
LaTeX Font Info:    Redeclaring math symbol \Psi on input line 19.
LaTeX Font Info:    Redeclaring math symbol \Omega on input line 19.
LaTeX Font Info:    Redeclaring math symbol \mathdollar on input line 19.
LaTeX Font Info:    Redeclaring symbol font `operators' on input line 19.
LaTeX Font Info:    Encoding `OT1' has changed to `TU' for symbol font
(Font)              `operators' in the math version `normal' on input line 19.
LaTeX Font Info:    Overwriting symbol font `operators' in version `normal'
(Font)                  OT1/cmr/m/n --> TU/TimesNewRoman(0)/m/n on input line 19.
LaTeX Font Info:    Encoding `OT1' has changed to `TU' for symbol font
(Font)              `operators' in the math version `bold' on input line 19.
LaTeX Font Info:    Overwriting symbol font `operators' in version `bold'
(Font)                  OT1/cmr/bx/n --> TU/TimesNewRoman(0)/m/n on input line 19.
LaTeX Font Info:    Overwriting symbol font `operators' in version `normal'
(Font)                  TU/TimesNewRoman(0)/m/n --> TU/TimesNewRoman(0)/m/n on input line 19.
LaTeX Font Info:    Overwriting math alphabet `\mathit' in version `normal'
(Font)                  OT1/cmr/m/it --> TU/TimesNewRoman(0)/m/it on input line 19.
LaTeX Font Info:    Overwriting math alphabet `\mathbf' in version `normal'
(Font)                  OT1/cmr/bx/n --> TU/TimesNewRoman(0)/b/n on input line 19.
LaTeX Font Info:    Overwriting math alphabet `\mathsf' in version `normal'
(Font)                  OT1/cmss/m/n --> TU/Arial(0)/m/n on input line 19.
LaTeX Font Info:    Overwriting math alphabet `\mathtt' in version `normal'
(Font)                  OT1/cmtt/m/n --> TU/YaHei.Consolas.1.11b.ttf(1)/m/n on input line 19.
LaTeX Font Info:    Overwriting symbol font `operators' in version `bold'
(Font)                  TU/TimesNewRoman(0)/m/n --> TU/TimesNewRoman(0)/b/n on input line 19.
LaTeX Font Info:    Overwriting math alphabet `\mathit' in version `bold'
(Font)                  OT1/cmr/bx/it --> TU/TimesNewRoman(0)/b/it on input line 19.
LaTeX Font Info:    Overwriting math alphabet `\mathsf' in version `bold'
(Font)                  OT1/cmss/bx/n --> TU/Arial(0)/b/n on input line 19.
LaTeX Font Info:    Overwriting math alphabet `\mathtt' in version `bold'
(Font)                  OT1/cmtt/m/n --> TU/YaHei.Consolas.1.11b.ttf(1)/b/n on input line 19.
*geometry* driver: auto-detecting
*geometry* detected driver: xetex
*geometry* verbose mode - [ preamble ] result:
* driver: xetex
* paper: <default>
* layout: <same size as paper>
* layoutoffset:(h,v)=(0.0pt,0.0pt)
* modes: 
* h-part:(L,W,R)=(71.13188pt, 455.24411pt, 71.13188pt)
* v-part:(T,H,B)=(71.13188pt, 702.78308pt, 71.13188pt)
* \paperwidth=597.50787pt
* \paperheight=845.04684pt
* \textwidth=455.24411pt
* \textheight=702.78308pt
* \oddsidemargin=-1.1381pt
* \evensidemargin=-1.1381pt
* \topmargin=-38.1381pt
* \headheight=12.0pt
* \headsep=25.0pt
* \topskip=12.0pt
* \footskip=30.0pt
* \marginparwidth=35.0pt
* \marginparsep=10.0pt
* \columnsep=10.0pt
* \skip\footins=10.8pt plus 4.0pt minus 2.0pt
* \hoffset=0.0pt
* \voffset=0.0pt
* \mag=1000
* \@twocolumnfalse
* \@twosidefalse
* \@mparswitchfalse
* \@reversemarginfalse
* (1in=72.27pt=25.4mm, 1cm=28.453pt)

\c@lstlisting=\count401
Package caption Info: Begin \AtBeginDocument code.
Package caption Info: hyperref package is loaded.
Package caption Info: End \AtBeginDocument code.
Package hyperref Info: Link coloring ON on input line 19.
\@outlinefile=\write5
\openout5 = `note_template.out'.


Package hyperref Warning: Rerun to get /PageLabels entry.

No file note_template.toc.
\tf@toc=\write6
\openout6 = `note_template.toc'.

[1

]
LaTeX Font Info:    Calculating math sizes for size <12.05> on input line 46.
LaTeX Font Info:    Trying to load font information for U+msa on input line 46.
 (d:/texlive/2024/texmf-dist/tex/latex/amsfonts/umsa.fd
File: umsa.fd 2013/01/14 v3.01 AMS symbols A
)
LaTeX Font Info:    Trying to load font information for U+msb on input line 46.
 (d:/texlive/2024/texmf-dist/tex/latex/amsfonts/umsb.fd
File: umsb.fd 2013/01/14 v3.01 AMS symbols B
)

LaTeX Warning: Reference `eq:J' on page 1 undefined on input line 92.

[2]

LaTeX Warning: Reference `eq:J' on page 1 undefined on input line 132.


LaTeX Warning: Reference `eq:l_N' on page 1 undefined on input line 145.


LaTeX Warning: Reference `eq:Value_func' on page 1 undefined on input line 145.

Runaway argument?
 \label {eq:J_k_to_k_plus_1} J_{k\rightarrow k+1} =& l_k\left ( x_k \right \ETC.
d:/Note-Library/Math-note/LQR/note_template.tex:158: Paragraph ended before \align was complete.
<to be read again> 
                   \par 
l.158 
      
I suspect you've forgotten a `}', causing me to apply this
control sequence to too much text. How can we recover?
My plan is to forget the whole thing and hope for the best.

d:/Note-Library/Math-note/LQR/note_template.tex:158: Missing $ inserted.
<inserted text> 
                $
l.158 
      
I've inserted a begin-math/end-math symbol since I think
you left one out. Proceed, with fingers crossed.

d:/Note-Library/Math-note/LQR/note_template.tex:158: Missing \endgroup inserted.
<inserted text> 
                \endgroup 
l.158 
      
I've inserted something that you may have forgotten.
(See the <inserted text> above.)
With luck, this will get me unwedged. But if you
really didn't forget anything, try typing `2' now; then
my insertion and my current dilemma will both disappear.

d:/Note-Library/Math-note/LQR/note_template.tex:158: Display math should end with $$.
<to be read again> 
                   \tex_par:D 
l.158 
      
The `$' that I just saw supposedly matches a previous `$$'.
So I shall assume that you typed `$$' both times.

d:/Note-Library/Math-note/LQR/note_template.tex:159: Misplaced alignment tab character &.
<recently read> &
                 
l.159     =&
             l_k\left( x_k \right)+ V_{k+1}(A_k x_{k}+B_k u_{k} + b_k) \nonu...
I can't figure out why you would want to use a tab mark
here. If you just want an ampersand, the remedy is
simple: Just type `I\&' now. But if some right brace
up above has ended a previous alignment prematurely,
you're probably due for more error messages, and you
might try typing `S' now just to see what is salvageable.

d:/Note-Library/Math-note/LQR/note_template.tex:159: Missing $ inserted.
<inserted text> 
                $
l.159     =& l_
               k\left( x_k \right)+ V_{k+1}(A_k x_{k}+B_k u_{k} + b_k) \nonu...
I've inserted a begin-math/end-math symbol since I think
you left one out. Proceed, with fingers crossed.

d:/Note-Library/Math-note/LQR/note_template.tex:160: Missing $ inserted.
<inserted text> 
                $
l.160 
      
I've inserted a begin-math/end-math symbol since I think
you left one out. Proceed, with fingers crossed.


Underfull \hbox (badness 10000) in paragraph at lines 159--160

 []

d:/Note-Library/Math-note/LQR/note_template.tex:161: Misplaced alignment tab character &.
<recently read> &
                 
l.161     =&
             \left( \frac{1}{2}x_k^\mathrm{T} Q_k x_k
I can't figure out why you would want to use a tab mark
here. If you just want an ampersand, the remedy is
simple: Just type `I\&' now. But if some right brace
up above has ended a previous alignment prematurely,
you're probably due for more error messages, and you
might try typing `S' now just to see what is salvageable.

d:/Note-Library/Math-note/LQR/note_template.tex:161: Missing $ inserted.
<inserted text> 
                $
l.161     =& \left
                  ( \frac{1}{2}x_k^\mathrm{T} Q_k x_k
I've inserted a begin-math/end-math symbol since I think
you left one out. Proceed, with fingers crossed.

d:/Note-Library/Math-note/LQR/note_template.tex:165: Misplaced alignment tab character &.
<recently read> &
                 
l.165     &
            + \left[\frac{1}{2}(A_k x_{k}+B_k u_{k}+ b_k)^\mathrm{T} P_{k+1}...
I can't figure out why you would want to use a tab mark
here. If you just want an ampersand, the remedy is
simple: Just type `I\&' now. But if some right brace
up above has ended a previous alignment prematurely,
you're probably due for more error messages, and you
might try typing `S' now just to see what is salvageable.

d:/Note-Library/Math-note/LQR/note_template.tex:168: Missing $ inserted.
<inserted text> 
                $
l.168 
      
I've inserted a begin-math/end-math symbol since I think
you left one out. Proceed, with fingers crossed.


Underfull \hbox (badness 10000) in paragraph at lines 161--168

 []

d:/Note-Library/Math-note/LQR/note_template.tex:169: Misplaced alignment tab character &.
<recently read> &
                 
l.169     =&
             \frac{1}{2}x_k^\mathrm{T} (Q_k + A_k^\mathrm{T}P_{k+1}A_k) x_k
I can't figure out why you would want to use a tab mark
here. If you just want an ampersand, the remedy is
simple: Just type `I\&' now. But if some right brace
up above has ended a previous alignment prematurely,
you're probably due for more error messages, and you
might try typing `S' now just to see what is salvageable.

d:/Note-Library/Math-note/LQR/note_template.tex:169: Missing $ inserted.
<inserted text> 
                $
l.169     =& \frac{1}{2}
                        x_k^\mathrm{T} (Q_k + A_k^\mathrm{T}P_{k+1}A_k) x_k
I've inserted a begin-math/end-math symbol since I think
you left one out. Proceed, with fingers crossed.

d:/Note-Library/Math-note/LQR/note_template.tex:169: Extra }, or forgotten $.
\frac  #1#2->{\begingroup #1\endgroup \@@over #2}
                                                 
l.169     =& \frac{1}{2}
                        x_k^\mathrm{T} (Q_k + A_k^\mathrm{T}P_{k+1}A_k) x_k
I've deleted a group-closing symbol because it seems to be
spurious, as in `$x}$'. But perhaps the } is legitimate and
you forgot something else, as in `\hbox{$x}'. In such cases
the way to recover is to insert both the forgotten and the
deleted material, e.g., by typing `I$}'.

d:/Note-Library/Math-note/LQR/note_template.tex:172: Misplaced alignment tab character &.
<recently read> &
                 
l.172     &
            + x_k^\mathrm{T}\left( q_k + A_k^\mathrm{T}P_{k+1}b_k+ A_k^\math...
I can't figure out why you would want to use a tab mark
here. If you just want an ampersand, the remedy is
simple: Just type `I\&' now. But if some right brace
up above has ended a previous alignment prematurely,
you're probably due for more error messages, and you
might try typing `S' now just to see what is salvageable.

d:/Note-Library/Math-note/LQR/note_template.tex:175: Misplaced \cr.
\math@cr@@@ ->\cr 
                  
l.175 \end{align}
                 
I can't figure out why you would want to use a tab mark
or \cr or \span just now. If something like a right brace
up above has ended a previous alignment prematurely,
you're probably due for more error messages, and you
might try typing `S' now just to see what is salvageable.

d:/Note-Library/Math-note/LQR/note_template.tex:175: Misplaced \noalign.
\math@cr@@ ... \iffalse }\fi \math@cr@@@ \noalign 
                                                  {\vskip #1\relax }
l.175 \end{align}
                 
I expect to see \noalign only after the \cr of
an alignment. Proceed, and I'll ignore this case.

d:/Note-Library/Math-note/LQR/note_template.tex:175: Missing $ inserted.
<inserted text> 
                $
l.175 \end{align}
                 
I've inserted a begin-math/end-math symbol since I think
you left one out. Proceed, with fingers crossed.

d:/Note-Library/Math-note/LQR/note_template.tex:175: Missing } inserted.
<inserted text> 
                }
l.175 \end{align}
                 
I've inserted something that you may have forgotten.
(See the <inserted text> above.)
With luck, this will get me unwedged. But if you
really didn't forget anything, try typing `2' now; then
my insertion and my current dilemma will both disappear.


Overfull \hbox (133.9343pt too wide) in paragraph at lines 169--175
[]\TU/TimesNewRoman(0)/m/n/12.05 = 1$[]$ 
 []

d:/Note-Library/Math-note/LQR/note_template.tex:175: Misplaced \noalign.
\black@ #1->\noalign 
                     {\ifdim #1>\displaywidth \dimen@ \prevdepth \nointerlin...
l.175 \end{align}
                 
I expect to see \noalign only after the \cr of
an alignment. Proceed, and I'll ignore this case.


Overfull \hbox (223.6411pt too wide) detected at line 175
[]
 []

d:/Note-Library/Math-note/LQR/note_template.tex:175: Extra }, or forgotten \endgroup.
\endalign ->\math@cr \black@ \totwidth@ \egroup 
                                                \ifingather@ \restorealignst...
l.175 \end{align}
                 
I've deleted a group-closing symbol because it seems to be
spurious, as in `$x}$'. But perhaps the } is legitimate and
you forgot something else, as in `\hbox{$x}'. In such cases
the way to recover is to insert both the forgotten and the
deleted material, e.g., by typing `I$}'.

d:/Note-Library/Math-note/LQR/note_template.tex:175: Missing $ inserted.
<inserted text> 
                $
l.175 \end{align}
                 
I've inserted something that you may have forgotten.
(See the <inserted text> above.)
With luck, this will get me unwedged. But if you
really didn't forget anything, try typing `2' now; then
my insertion and my current dilemma will both disappear.

d:/Note-Library/Math-note/LQR/note_template.tex:175: Display math should end with $$.
<to be read again> 
                   \endgroup 
l.175 \end{align}
                 
The `$' that I just saw supposedly matches a previous `$$'.
So I shall assume that you typed `$$' both times.

Runaway argument?
 \label {eq:tilde_Q_in_J_k_to_k_plus_1} \tilde {Q}_k =& Q_k + A_k^\mathrm \ETC.
d:/Note-Library/Math-note/LQR/note_template.tex:181: Paragraph ended before \align was complete.
<to be read again> 
                   \par 
l.181 
      
I suspect you've forgotten a `}', causing me to apply this
control sequence to too much text. How can we recover?
My plan is to forget the whole thing and hope for the best.

d:/Note-Library/Math-note/LQR/note_template.tex:181: Missing $ inserted.
<inserted text> 
                $
l.181 
      
I've inserted a begin-math/end-math symbol since I think
you left one out. Proceed, with fingers crossed.

d:/Note-Library/Math-note/LQR/note_template.tex:181: Missing \endgroup inserted.
<inserted text> 
                \endgroup 
l.181 
      
I've inserted something that you may have forgotten.
(See the <inserted text> above.)
With luck, this will get me unwedged. But if you
really didn't forget anything, try typing `2' now; then
my insertion and my current dilemma will both disappear.

d:/Note-Library/Math-note/LQR/note_template.tex:181: Display math should end with $$.
<to be read again> 
                   \tex_par:D 
l.181 
      
The `$' that I just saw supposedly matches a previous `$$'.
So I shall assume that you typed `$$' both times.


d:/Note-Library/Math-note/LQR/note_template.tex:183: Package amsmath Error: \tilde allowed only in math mode.

See the amsmath package documentation for explanation.
Type  H <return>  for immediate help.
 ...                                              
                                                  
l.183 \tilde{S}
               _k =& S_k + A_k^\mathrm{T}P_{k+1}B_k \\
You're in trouble here.  Try typing  <return>  to proceed.
If that doesn't work, type  X <return>  to quit.

d:/Note-Library/Math-note/LQR/note_template.tex:183: Missing $ inserted.
<inserted text> 
                $
l.183 \tilde{S}_
                k =& S_k + A_k^\mathrm{T}P_{k+1}B_k \\
I've inserted a begin-math/end-math symbol since I think
you left one out. Proceed, with fingers crossed.

d:/Note-Library/Math-note/LQR/note_template.tex:183: Misplaced alignment tab character &.
l.183 \tilde{S}_k =&
                     S_k + A_k^\mathrm{T}P_{k+1}B_k \\
I can't figure out why you would want to use a tab mark
here. If you just want an ampersand, the remedy is
simple: Just type `I\&' now. But if some right brace
up above has ended a previous alignment prematurely,
you're probably due for more error messages, and you
might try typing `S' now just to see what is salvageable.

d:/Note-Library/Math-note/LQR/note_template.tex:184: Missing $ inserted.
<inserted text> 
                $
l.184 
      
I've inserted a begin-math/end-math symbol since I think
you left one out. Proceed, with fingers crossed.


Underfull \hbox (badness 10000) in paragraph at lines 183--184

 []


d:/Note-Library/Math-note/LQR/note_template.tex:186: Package amsmath Error: \tilde allowed only in math mode.

See the amsmath package documentation for explanation.
Type  H <return>  for immediate help.
 ...                                              
                                                  
l.186 \tilde{R}
               _k =& R_k + B_k^\mathrm{T}P_{k+1}B_k \\
You're in trouble here.  Try typing  <return>  to proceed.
If that doesn't work, type  X <return>  to quit.

d:/Note-Library/Math-note/LQR/note_template.tex:186: Missing $ inserted.
<inserted text> 
                $
l.186 \tilde{R}_
                k =& R_k + B_k^\mathrm{T}P_{k+1}B_k \\
I've inserted a begin-math/end-math symbol since I think
you left one out. Proceed, with fingers crossed.

d:/Note-Library/Math-note/LQR/note_template.tex:186: Misplaced alignment tab character &.
l.186 \tilde{R}_k =&
                     R_k + B_k^\mathrm{T}P_{k+1}B_k \\
I can't figure out why you would want to use a tab mark
here. If you just want an ampersand, the remedy is
simple: Just type `I\&' now. But if some right brace
up above has ended a previous alignment prematurely,
you're probably due for more error messages, and you
might try typing `S' now just to see what is salvageable.

d:/Note-Library/Math-note/LQR/note_template.tex:187: Missing $ inserted.
<inserted text> 
                $
l.187 
      
I've inserted a begin-math/end-math symbol since I think
you left one out. Proceed, with fingers crossed.


Underfull \hbox (badness 10000) in paragraph at lines 186--187

 []


d:/Note-Library/Math-note/LQR/note_template.tex:189: Package amsmath Error: \tilde allowed only in math mode.

See the amsmath package documentation for explanation.
Type  H <return>  for immediate help.
 ...                                              
                                                  
l.189 \tilde{q}
               _k =& q_k + A_k^\mathrm{T}P_{k+1}b_k+ A_k^\mathrm{T} p_{k+1} \\
You're in trouble here.  Try typing  <return>  to proceed.
If that doesn't work, type  X <return>  to quit.

d:/Note-Library/Math-note/LQR/note_template.tex:189: Missing $ inserted.
<inserted text> 
                $
l.189 \tilde{q}_
                k =& q_k + A_k^\mathrm{T}P_{k+1}b_k+ A_k^\mathrm{T} p_{k+1} \\
I've inserted a begin-math/end-math symbol since I think
you left one out. Proceed, with fingers crossed.

d:/Note-Library/Math-note/LQR/note_template.tex:189: Misplaced alignment tab character &.
l.189 \tilde{q}_k =&
                     q_k + A_k^\mathrm{T}P_{k+1}b_k+ A_k^\mathrm{T} p_{k+1} \\
I can't figure out why you would want to use a tab mark
here. If you just want an ampersand, the remedy is
simple: Just type `I\&' now. But if some right brace
up above has ended a previous alignment prematurely,
you're probably due for more error messages, and you
might try typing `S' now just to see what is salvageable.

d:/Note-Library/Math-note/LQR/note_template.tex:190: Missing $ inserted.
<inserted text> 
                $
l.190 
      
I've inserted a begin-math/end-math symbol since I think
you left one out. Proceed, with fingers crossed.


Underfull \hbox (badness 10000) in paragraph at lines 189--190

 []

[3]

d:/Note-Library/Math-note/LQR/note_template.tex:192: Package amsmath Error: \tilde allowed only in math mode.

See the amsmath package documentation for explanation.
Type  H <return>  for immediate help.
 ...                                              
                                                  
l.192 \tilde{r}
               _k =& r_k + B_{k}^\mathrm{T}P_{k+1}b_{k} + B_{k}^\mathrm{T}p_...
You're in trouble here.  Try typing  <return>  to proceed.
If that doesn't work, type  X <return>  to quit.

d:/Note-Library/Math-note/LQR/note_template.tex:192: Missing $ inserted.
<inserted text> 
                $
l.192 \tilde{r}_
                k =& r_k + B_{k}^\mathrm{T}P_{k+1}b_{k} + B_{k}^\mathrm{T}p_...
I've inserted a begin-math/end-math symbol since I think
you left one out. Proceed, with fingers crossed.

d:/Note-Library/Math-note/LQR/note_template.tex:192: Misplaced alignment tab character &.
l.192 \tilde{r}_k =&
                     r_k + B_{k}^\mathrm{T}P_{k+1}b_{k} + B_{k}^\mathrm{T}p_...
I can't figure out why you would want to use a tab mark
here. If you just want an ampersand, the remedy is
simple: Just type `I\&' now. But if some right brace
up above has ended a previous alignment prematurely,
you're probably due for more error messages, and you
might try typing `S' now just to see what is salvageable.

d:/Note-Library/Math-note/LQR/note_template.tex:193: Misplaced \cr.
\math@cr@@@ ->\cr 
                  
l.193 \end{align}
                 
I can't figure out why you would want to use a tab mark
or \cr or \span just now. If something like a right brace
up above has ended a previous alignment prematurely,
you're probably due for more error messages, and you
might try typing `S' now just to see what is salvageable.

d:/Note-Library/Math-note/LQR/note_template.tex:193: Misplaced \noalign.
\math@cr@@ ... \iffalse }\fi \math@cr@@@ \noalign 
                                                  {\vskip #1\relax }
l.193 \end{align}
                 
I expect to see \noalign only after the \cr of
an alignment. Proceed, and I'll ignore this case.

d:/Note-Library/Math-note/LQR/note_template.tex:193: Missing $ inserted.
<inserted text> 
                $
l.193 \end{align}
                 
I've inserted a begin-math/end-math symbol since I think
you left one out. Proceed, with fingers crossed.

d:/Note-Library/Math-note/LQR/note_template.tex:193: Missing } inserted.
<inserted text> 
                }
l.193 \end{align}
                 
I've inserted something that you may have forgotten.
(See the <inserted text> above.)
With luck, this will get me unwedged. But if you
really didn't forget anything, try typing `2' now; then
my insertion and my current dilemma will both disappear.

d:/Note-Library/Math-note/LQR/note_template.tex:193: Extra }, or forgotten \endgroup.
\math@cr@@ ...th@cr@@@ \noalign {\vskip #1\relax }
                                                  
l.193 \end{align}
                 
I've deleted a group-closing symbol because it seems to be
spurious, as in `$x}$'. But perhaps the } is legitimate and
you forgot something else, as in `\hbox{$x}'. In such cases
the way to recover is to insert both the forgotten and the
deleted material, e.g., by typing `I$}'.

d:/Note-Library/Math-note/LQR/note_template.tex:193: Misplaced \noalign.
\black@ #1->\noalign 
                     {\ifdim #1>\displaywidth \dimen@ \prevdepth \nointerlin...
l.193 \end{align}
                 
I expect to see \noalign only after the \cr of
an alignment. Proceed, and I'll ignore this case.


Overfull \hbox (223.6411pt too wide) detected at line 193
[]
 []

d:/Note-Library/Math-note/LQR/note_template.tex:193: Extra }, or forgotten \endgroup.
\endalign ->\math@cr \black@ \totwidth@ \egroup 
                                                \ifingather@ \restorealignst...
l.193 \end{align}
                 
I've deleted a group-closing symbol because it seems to be
spurious, as in `$x}$'. But perhaps the } is legitimate and
you forgot something else, as in `\hbox{$x}'. In such cases
the way to recover is to insert both the forgotten and the
deleted material, e.g., by typing `I$}'.

d:/Note-Library/Math-note/LQR/note_template.tex:193: Missing $ inserted.
<inserted text> 
                $
l.193 \end{align}
                 
I've inserted something that you may have forgotten.
(See the <inserted text> above.)
With luck, this will get me unwedged. But if you
really didn't forget anything, try typing `2' now; then
my insertion and my current dilemma will both disappear.

d:/Note-Library/Math-note/LQR/note_template.tex:193: Display math should end with $$.
<to be read again> 
                   \endgroup 
l.193 \end{align}
                 
The `$' that I just saw supposedly matches a previous `$$'.
So I shall assume that you typed `$$' both times.


LaTeX Warning: Reference `eq:tilde_Q_in_J_k_to_k_plus_1' on page 1 undefined on input line 195.


LaTeX Warning: Reference `eq:tilde_r_in_J_k_to_k_plus_1' on page 1 undefined on input line 195.


LaTeX Warning: Reference `eq:J_k_to_k_plus_1' on page 1 undefined on input line 195.


LaTeX Warning: Reference `eq:tilde_S_in_J_k_to_k_plus_1' on page 1 undefined on input line 230.


LaTeX Warning: Reference `eq:tilde_R_in_J_k_to_k_plus_1' on page 1 undefined on input line 230.


LaTeX Warning: Reference `eq:tilde_r_in_J_k_to_k_plus_1' on page 1 undefined on input line 230.


LaTeX Warning: Reference `eq:u_k_simple' on page 1 undefined on input line 230.

Runaway argument?
 \label {eq:u_k_star} u_k^* =& - \left (R_k + B_k^\mathrm {T}P_{k+1}B\ETC.
d:/Note-Library/Math-note/LQR/note_template.tex:237: Paragraph ended before \align was complete.
<to be read again> 
                   \par 
l.237 
      
I suspect you've forgotten a `}', causing me to apply this
control sequence to too much text. How can we recover?
My plan is to forget the whole thing and hope for the best.

d:/Note-Library/Math-note/LQR/note_template.tex:237: Missing $ inserted.
<inserted text> 
                $
l.237 
      
I've inserted a begin-math/end-math symbol since I think
you left one out. Proceed, with fingers crossed.

d:/Note-Library/Math-note/LQR/note_template.tex:237: Missing \endgroup inserted.
<inserted text> 
                \endgroup 
l.237 
      
I've inserted something that you may have forgotten.
(See the <inserted text> above.)
With luck, this will get me unwedged. But if you
really didn't forget anything, try typing `2' now; then
my insertion and my current dilemma will both disappear.

d:/Note-Library/Math-note/LQR/note_template.tex:237: Display math should end with $$.
<to be read again> 
                   \tex_par:D 
l.237 
      
The `$' that I just saw supposedly matches a previous `$$'.
So I shall assume that you typed `$$' both times.

d:/Note-Library/Math-note/LQR/note_template.tex:238: Misplaced alignment tab character &.
<recently read> &
                 
l.238  =&
          - \left(R_k + B_k^\mathrm{T}P_{k+1}B_k \right)^{-1} \left( S_k^\ma...
I can't figure out why you would want to use a tab mark
here. If you just want an ampersand, the remedy is
simple: Just type `I\&' now. But if some right brace
up above has ended a previous alignment prematurely,
you're probably due for more error messages, and you
might try typing `S' now just to see what is salvageable.

d:/Note-Library/Math-note/LQR/note_template.tex:238: Missing $ inserted.
<inserted text> 
                $
l.238  =& - \left
                 (R_k + B_k^\mathrm{T}P_{k+1}B_k \right)^{-1} \left( S_k^\ma...
I've inserted a begin-math/end-math symbol since I think
you left one out. Proceed, with fingers crossed.

d:/Note-Library/Math-note/LQR/note_template.tex:239: Misplaced alignment tab character &.
<recently read> &
                 
l.239  &
         - \left(R_k + B_k^\mathrm{T}P_{k+1}B_k \right)^{-1} \left(r_k + B_{...
I can't figure out why you would want to use a tab mark
here. If you just want an ampersand, the remedy is
simple: Just type `I\&' now. But if some right brace
up above has ended a previous alignment prematurely,
you're probably due for more error messages, and you
might try typing `S' now just to see what is salvageable.

d:/Note-Library/Math-note/LQR/note_template.tex:241: Misplaced \cr.
\math@cr@@@ ->\cr 
                  
l.241 \end{align}
                 
I can't figure out why you would want to use a tab mark
or \cr or \span just now. If something like a right brace
up above has ended a previous alignment prematurely,
you're probably due for more error messages, and you
might try typing `S' now just to see what is salvageable.

d:/Note-Library/Math-note/LQR/note_template.tex:241: Misplaced \noalign.
\math@cr@@ ... \iffalse }\fi \math@cr@@@ \noalign 
                                                  {\vskip #1\relax }
l.241 \end{align}
                 
I expect to see \noalign only after the \cr of
an alignment. Proceed, and I'll ignore this case.

d:/Note-Library/Math-note/LQR/note_template.tex:241: Missing $ inserted.
<inserted text> 
                $
l.241 \end{align}
                 
I've inserted a begin-math/end-math symbol since I think
you left one out. Proceed, with fingers crossed.

d:/Note-Library/Math-note/LQR/note_template.tex:241: Missing } inserted.
<inserted text> 
                }
l.241 \end{align}
                 
I've inserted something that you may have forgotten.
(See the <inserted text> above.)
With luck, this will get me unwedged. But if you
really didn't forget anything, try typing `2' now; then
my insertion and my current dilemma will both disappear.

d:/Note-Library/Math-note/LQR/note_template.tex:241: Extra }, or forgotten \endgroup.
\math@cr@@ ...th@cr@@@ \noalign {\vskip #1\relax }
                                                  
l.241 \end{align}
                 
I've deleted a group-closing symbol because it seems to be
spurious, as in `$x}$'. But perhaps the } is legitimate and
you forgot something else, as in `\hbox{$x}'. In such cases
the way to recover is to insert both the forgotten and the
deleted material, e.g., by typing `I$}'.

d:/Note-Library/Math-note/LQR/note_template.tex:241: Misplaced \noalign.
\black@ #1->\noalign 
                     {\ifdim #1>\displaywidth \dimen@ \prevdepth \nointerlin...
l.241 \end{align}
                 
I expect to see \noalign only after the \cr of
an alignment. Proceed, and I'll ignore this case.


Overfull \hbox (223.6411pt too wide) detected at line 241
[]
 []

d:/Note-Library/Math-note/LQR/note_template.tex:241: Extra }, or forgotten \endgroup.
\endalign ->\math@cr \black@ \totwidth@ \egroup 
                                                \ifingather@ \restorealignst...
l.241 \end{align}
                 
I've deleted a group-closing symbol because it seems to be
spurious, as in `$x}$'. But perhaps the } is legitimate and
you forgot something else, as in `\hbox{$x}'. In such cases
the way to recover is to insert both the forgotten and the
deleted material, e.g., by typing `I$}'.

d:/Note-Library/Math-note/LQR/note_template.tex:241: Missing $ inserted.
<inserted text> 
                $
l.241 \end{align}
                 
I've inserted something that you may have forgotten.
(See the <inserted text> above.)
With luck, this will get me unwedged. But if you
really didn't forget anything, try typing `2' now; then
my insertion and my current dilemma will both disappear.

d:/Note-Library/Math-note/LQR/note_template.tex:241: Display math should end with $$.
<to be read again> 
                   \endgroup 
l.241 \end{align}
                 
The `$' that I just saw supposedly matches a previous `$$'.
So I shall assume that you typed `$$' both times.

Runaway argument?
 \label {eq:K_k_define} {K}_k =& \left (R_k + B_k^\mathrm {T}P_{k+1}B\ETC.
d:/Note-Library/Math-note/LQR/note_template.tex:247: Paragraph ended before \align was complete.
<to be read again> 
                   \par 
l.247 
      
I suspect you've forgotten a `}', causing me to apply this
control sequence to too much text. How can we recover?
My plan is to forget the whole thing and hope for the best.

d:/Note-Library/Math-note/LQR/note_template.tex:247: Missing $ inserted.
<inserted text> 
                $
l.247 
      
I've inserted a begin-math/end-math symbol since I think
you left one out. Proceed, with fingers crossed.

d:/Note-Library/Math-note/LQR/note_template.tex:247: Missing \endgroup inserted.
<inserted text> 
                \endgroup 
l.247 
      
I've inserted something that you may have forgotten.
(See the <inserted text> above.)
With luck, this will get me unwedged. But if you
really didn't forget anything, try typing `2' now; then
my insertion and my current dilemma will both disappear.

d:/Note-Library/Math-note/LQR/note_template.tex:247: Display math should end with $$.
<to be read again> 
                   \tex_par:D 
l.247 
      
The `$' that I just saw supposedly matches a previous `$$'.
So I shall assume that you typed `$$' both times.

d:/Note-Library/Math-note/LQR/note_template.tex:249: Missing $ inserted.
<inserted text> 
                $
l.249 d_
        k =& \left(R_k + B_k^\mathrm{T}P_{k+1}B_k \right)^{-1} \left(r_k + B...
I've inserted a begin-math/end-math symbol since I think
you left one out. Proceed, with fingers crossed.

d:/Note-Library/Math-note/LQR/note_template.tex:249: Misplaced alignment tab character &.
l.249 d_k =&
             \left(R_k + B_k^\mathrm{T}P_{k+1}B_k \right)^{-1} \left(r_k + B...
I can't figure out why you would want to use a tab mark
here. If you just want an ampersand, the remedy is
simple: Just type `I\&' now. But if some right brace
up above has ended a previous alignment prematurely,
you're probably due for more error messages, and you
might try typing `S' now just to see what is salvageable.

d:/Note-Library/Math-note/LQR/note_template.tex:251: Misplaced \cr.
\math@cr@@@ ->\cr 
                  
l.251 \end{align}
                 
I can't figure out why you would want to use a tab mark
or \cr or \span just now. If something like a right brace
up above has ended a previous alignment prematurely,
you're probably due for more error messages, and you
might try typing `S' now just to see what is salvageable.

d:/Note-Library/Math-note/LQR/note_template.tex:251: Misplaced \noalign.
\math@cr@@ ... \iffalse }\fi \math@cr@@@ \noalign 
                                                  {\vskip #1\relax }
l.251 \end{align}
                 
I expect to see \noalign only after the \cr of
an alignment. Proceed, and I'll ignore this case.

d:/Note-Library/Math-note/LQR/note_template.tex:251: Missing $ inserted.
<inserted text> 
                $
l.251 \end{align}
                 
I've inserted a begin-math/end-math symbol since I think
you left one out. Proceed, with fingers crossed.

d:/Note-Library/Math-note/LQR/note_template.tex:251: Missing } inserted.
<inserted text> 
                }
l.251 \end{align}
                 
I've inserted something that you may have forgotten.
(See the <inserted text> above.)
With luck, this will get me unwedged. But if you
really didn't forget anything, try typing `2' now; then
my insertion and my current dilemma will both disappear.

d:/Note-Library/Math-note/LQR/note_template.tex:251: Extra }, or forgotten \endgroup.
\math@cr@@ ...th@cr@@@ \noalign {\vskip #1\relax }
                                                  
l.251 \end{align}
                 
I've deleted a group-closing symbol because it seems to be
spurious, as in `$x}$'. But perhaps the } is legitimate and
you forgot something else, as in `\hbox{$x}'. In such cases
the way to recover is to insert both the forgotten and the
deleted material, e.g., by typing `I$}'.

d:/Note-Library/Math-note/LQR/note_template.tex:251: Misplaced \noalign.
\black@ #1->\noalign 
                     {\ifdim #1>\displaywidth \dimen@ \prevdepth \nointerlin...
l.251 \end{align}
                 
I expect to see \noalign only after the \cr of
an alignment. Proceed, and I'll ignore this case.


Overfull \hbox (223.6411pt too wide) detected at line 251
[]
 []

d:/Note-Library/Math-note/LQR/note_template.tex:251: Extra }, or forgotten \endgroup.
\endalign ->\math@cr \black@ \totwidth@ \egroup 
                                                \ifingather@ \restorealignst...
l.251 \end{align}
                 
I've deleted a group-closing symbol because it seems to be
spurious, as in `$x}$'. But perhaps the } is legitimate and
you forgot something else, as in `\hbox{$x}'. In such cases
the way to recover is to insert both the forgotten and the
deleted material, e.g., by typing `I$}'.

d:/Note-Library/Math-note/LQR/note_template.tex:251: Missing $ inserted.
<inserted text> 
                $
l.251 \end{align}
                 
I've inserted something that you may have forgotten.
(See the <inserted text> above.)
With luck, this will get me unwedged. But if you
really didn't forget anything, try typing `2' now; then
my insertion and my current dilemma will both disappear.

d:/Note-Library/Math-note/LQR/note_template.tex:251: Display math should end with $$.
<to be read again> 
                   \endgroup 
l.251 \end{align}
                 
The `$' that I just saw supposedly matches a previous `$$'.
So I shall assume that you typed `$$' both times.


LaTeX Warning: Reference `eq:u_k_star' on page 1 undefined on input line 253.

[4]

LaTeX Warning: Reference `eq:u_k_simple' on page 1 undefined on input line 262.


LaTeX Warning: Reference `eq:J_k_to_k+1_simple' on page 1 undefined on input line 262.


Overfull \hbox (83.3262pt too wide) detected at line 278
[]
 []


LaTeX Warning: Reference `eq:Value_func' on page 1 undefined on input line 280.


LaTeX Warning: Reference `eq:J_k_to_k_plus_1_only_has_x_k' on page 1 undefined on input line 280.


LaTeX Warning: Reference `eq:tilde_S_in_J_k_to_k_plus_1' on page 1 undefined on input line 292.


LaTeX Warning: Reference `eq:tilde_R_in_J_k_to_k_plus_1' on page 1 undefined on input line 292.


LaTeX Warning: Reference `eq:tilde_r_in_J_k_to_k_plus_1' on page 1 undefined on input line 292.


LaTeX Warning: Reference `eq:P_k' on page 1 undefined on input line 292.


LaTeX Warning: Reference `eq:p_k' on page 1 undefined on input line 292.


Overfull \hbox (22.72943pt too wide) detected at line 309
[][][]\OML/cmm/m/it/12.05 p[] \OT1/cmr/m/n/12.05 = \OML/cmm/m/it/12.05 q[] \OT1/cmr/m/n/12.05 + \OML/cmm/m/it/12.05 A[]P[]b[] \OT1/cmr/m/n/12.05 + \OML/cmm/m/it/12.05 A[]p[] \OMS/cmsy/m/n/12.05 ^^@ [] [][] []
 []


LaTeX Warning: Reference `eq:K_k_define' on page 1 undefined on input line 312.


LaTeX Warning: Reference `eq:d_k_define' on page 1 undefined on input line 312.


LaTeX Warning: Reference `eq:P_k_detail' on page 1 undefined on input line 312.


LaTeX Warning: Reference `eq:p_k_detail' on page 1 undefined on input line 312.

[5]

LaTeX Warning: Reference `eq:K_k_define' on page 1 undefined on input line 354.


LaTeX Warning: Reference `eq:d_k_define' on page 1 undefined on input line 354.


LaTeX Warning: Reference `eq:P_k_detail' on page 1 undefined on input line 355.


LaTeX Warning: Reference `eq:p_k_detail' on page 1 undefined on input line 355.


Overfull \hbox (6.03015pt too wide) in paragraph at lines 364--365
[]\TU/SimSun(0)/m/n/12.05 将 原 来 的 状 态 变 量 为 $\OML/cmm/m/it/12.05 x[] \OMS/cmsy/m/n/12.05 2 \U/msb/m/n/12.05 R[]\OML/cmm/m/it/12.05 ; k \OT1/cmr/m/n/12.05 = 0\OML/cmm/m/it/12.05 ; \OT1/cmr/m/n/12.05 1\OML/cmm/m/it/12.05 ; []  ; N$\TU/SimSun(0)/m/n/12.05 ，|  控 制 变 量 为 $\OML/cmm/m/it/12.05 u[] \OMS/cmsy/m/n/12.05 2 \U/msb/m/n/12.05 R[]\OML/cmm/m/it/12.05 ; k \OT1/cmr/m/n/12.05 = 0\OML/cmm/m/it/12.05 ; \OT1/cmr/m/n/12.05 1\OML/cmm/m/it/12.05 ; []  ; N \OMS/cmsy/m/n/12.05 ^^@
 []

[6]

LaTeX Warning: Reference `eq:big_X_U_define' on page 1 undefined on input line 438.


LaTeX Warning: Reference `eq:big_Q_define' on page 1 undefined on input line 438.


LaTeX Warning: Reference `eq:big_r_define' on page 1 undefined on input line 438.


LaTeX Warning: Reference `eq:J_detail' on page 1 undefined on input line 438.


LaTeX Warning: Reference `eq:state_space_equatoin' on page 1 undefined on input line 446.

d:/Note-Library/Math-note/LQR/note_template.tex:477: Missing $ inserted.
<inserted text> 
                $
l.477 
      
I've inserted a begin-math/end-math symbol since I think
you left one out. Proceed, with fingers crossed.

d:/Note-Library/Math-note/LQR/note_template.tex:477: Display math should end with $$.
<to be read again> 
                   \tex_par:D 
l.477 
      
The `$' that I just saw supposedly matches a previous `$$'.
So I shall assume that you typed `$$' both times.


d:/Note-Library/Math-note/LQR/note_template.tex:478: LaTeX Error: Bad math environment delimiter.

See the LaTeX manual or LaTeX Companion for explanation.
Type  H <return>  for immediate help.
 ...                                              
                                                  
l.478 \end{equation}
                    
Your command was ignored.
Type  I <command> <return>  to replace it with another command,
or  <return>  to continue without it.

d:/Note-Library/Math-note/LQR/note_template.tex:478: You can't use `\eqno' in vertical mode.
\veqno ->\@kernel@eqno 
                       \aftergroup \ignorespaces 
l.478 \end{equation}
                    
Sorry, but I'm not programmed to handle this case;
I'll just pretend that you didn't ask for it.
If you're in the wrong mode, you might be able to
return to the right one by typing `I}' or `I$' or `I\par'.

d:/Note-Library/Math-note/LQR/note_template.tex:478: Missing $ inserted.
<inserted text> 
                $
l.478 \end{equation}
                    
I've inserted something that you may have forgotten.
(See the <inserted text> above.)
With luck, this will get me unwedged. But if you
really didn't forget anything, try typing `2' now; then
my insertion and my current dilemma will both disappear.

d:/Note-Library/Math-note/LQR/note_template.tex:478: Display math should end with $$.
<to be read again> 
                   \endgroup 
l.478 \end{equation}
                    
The `$' that I just saw supposedly matches a previous `$$'.
So I shall assume that you typed `$$' both times.

[7]
Overfull \hbox (24.95589pt too wide) detected at line 502
[][][][] \OT1/cmr/m/n/12.05 = [] \OML/cmm/m/it/12.05 ;  [] \OMS/cmsy/m/n/12.05 2 \U/msb/m/n/12.05 R[]
 []


LaTeX Warning: Reference `eq:big_X_U_define' on page 1 undefined on input line 518.


LaTeX Warning: Reference `eq:big_A_define' on page 1 undefined on input line 518.


LaTeX Warning: Reference `eq:big_B_define' on page 1 undefined on input line 518.


LaTeX Warning: Reference `eq:big_b_define' on page 1 undefined on input line 518.


LaTeX Warning: Reference `eq:x_0' on page 1 undefined on input line 518.


LaTeX Warning: Reference `eq:x_N' on page 1 undefined on input line 518.


LaTeX Warning: Reference `eq:state_space_equation_big_matrix_type' on page 1 undefined on input line 527.


LaTeX Warning: Reference `eq:J_big_matrix' on page 1 undefined on input line 527.

Runaway argument?
 \label {eq:J_big_matrix_type_remove_X} J =& \frac {1}{2} \left ( \tilde \ETC.
d:/Note-Library/Math-note/LQR/note_template.tex:535: Paragraph ended before \align was complete.
<to be read again> 
                   \par 
l.535 
      
I suspect you've forgotten a `}', causing me to apply this
control sequence to too much text. How can we recover?
My plan is to forget the whole thing and hope for the best.

d:/Note-Library/Math-note/LQR/note_template.tex:535: Missing $ inserted.
<inserted text> 
                $
l.535 
      
I've inserted a begin-math/end-math symbol since I think
you left one out. Proceed, with fingers crossed.

d:/Note-Library/Math-note/LQR/note_template.tex:535: Missing \endgroup inserted.
<inserted text> 
                \endgroup 
l.535 
      
I've inserted something that you may have forgotten.
(See the <inserted text> above.)
With luck, this will get me unwedged. But if you
really didn't forget anything, try typing `2' now; then
my insertion and my current dilemma will both disappear.

d:/Note-Library/Math-note/LQR/note_template.tex:535: Display math should end with $$.
<to be read again> 
                   \tex_par:D 
l.535 
      
The `$' that I just saw supposedly matches a previous `$$'.
So I shall assume that you typed `$$' both times.

d:/Note-Library/Math-note/LQR/note_template.tex:536: Misplaced alignment tab character &.
<recently read> &
                 
l.536 =&
         \frac{1}{2} U^\mathrm{T} \left(\tilde{R}+\tilde{B}^\mathrm{T}\tilde...
I can't figure out why you would want to use a tab mark
here. If you just want an ampersand, the remedy is
simple: Just type `I\&' now. But if some right brace
up above has ended a previous alignment prematurely,
you're probably due for more error messages, and you
might try typing `S' now just to see what is salvageable.

d:/Note-Library/Math-note/LQR/note_template.tex:536: Missing $ inserted.
<inserted text> 
                $
l.536 =& \frac{1}{2}
                     U^\mathrm{T} \left(\tilde{R}+\tilde{B}^\mathrm{T}\tilde...
I've inserted a begin-math/end-math symbol since I think
you left one out. Proceed, with fingers crossed.

d:/Note-Library/Math-note/LQR/note_template.tex:536: Extra }, or forgotten $.
\frac  #1#2->{\begingroup #1\endgroup \@@over #2}
                                                 
l.536 =& \frac{1}{2}
                     U^\mathrm{T} \left(\tilde{R}+\tilde{B}^\mathrm{T}\tilde...
I've deleted a group-closing symbol because it seems to be
spurious, as in `$x}$'. But perhaps the } is legitimate and
you forgot something else, as in `\hbox{$x}'. In such cases
the way to recover is to insert both the forgotten and the
deleted material, e.g., by typing `I$}'.

d:/Note-Library/Math-note/LQR/note_template.tex:538: Misplaced alignment tab character &.
<recently read> &
                 
l.538 &
       + \frac{1}{2} \left(\tilde{A}x_0 +\tilde{b} \right)^\mathrm{T} \tilde...
I can't figure out why you would want to use a tab mark
here. If you just want an ampersand, the remedy is
simple: Just type `I\&' now. But if some right brace
up above has ended a previous alignment prematurely,
you're probably due for more error messages, and you
might try typing `S' now just to see what is salvageable.

d:/Note-Library/Math-note/LQR/note_template.tex:540: Misplaced \cr.
\math@cr@@@ ->\cr 
                  
l.540 \end{align}
                 
I can't figure out why you would want to use a tab mark
or \cr or \span just now. If something like a right brace
up above has ended a previous alignment prematurely,
you're probably due for more error messages, and you
might try typing `S' now just to see what is salvageable.

d:/Note-Library/Math-note/LQR/note_template.tex:540: Misplaced \noalign.
\math@cr@@ ... \iffalse }\fi \math@cr@@@ \noalign 
                                                  {\vskip #1\relax }
l.540 \end{align}
                 
I expect to see \noalign only after the \cr of
an alignment. Proceed, and I'll ignore this case.

d:/Note-Library/Math-note/LQR/note_template.tex:540: Missing $ inserted.
<inserted text> 
                $
l.540 \end{align}
                 
I've inserted a begin-math/end-math symbol since I think
you left one out. Proceed, with fingers crossed.

d:/Note-Library/Math-note/LQR/note_template.tex:540: Missing } inserted.
<inserted text> 
                }
l.540 \end{align}
                 
I've inserted something that you may have forgotten.
(See the <inserted text> above.)
With luck, this will get me unwedged. But if you
really didn't forget anything, try typing `2' now; then
my insertion and my current dilemma will both disappear.


Overfull \hbox (19.07912pt too wide) in paragraph at lines 536--540
[]\TU/TimesNewRoman(0)/m/n/12.05 = 1$[]$ 
 []

d:/Note-Library/Math-note/LQR/note_template.tex:540: Misplaced \noalign.
\black@ #1->\noalign 
                     {\ifdim #1>\displaywidth \dimen@ \prevdepth \nointerlin...
l.540 \end{align}
                 
I expect to see \noalign only after the \cr of
an alignment. Proceed, and I'll ignore this case.


Overfull \hbox (354.44095pt too wide) detected at line 540
[]
 []

[8]
d:/Note-Library/Math-note/LQR/note_template.tex:540: Extra }, or forgotten \endgroup.
\endalign ->\math@cr \black@ \totwidth@ \egroup 
                                                \ifingather@ \restorealignst...
l.540 \end{align}
                 
I've deleted a group-closing symbol because it seems to be
spurious, as in `$x}$'. But perhaps the } is legitimate and
you forgot something else, as in `\hbox{$x}'. In such cases
the way to recover is to insert both the forgotten and the
deleted material, e.g., by typing `I$}'.

d:/Note-Library/Math-note/LQR/note_template.tex:540: Missing $ inserted.
<inserted text> 
                $
l.540 \end{align}
                 
I've inserted something that you may have forgotten.
(See the <inserted text> above.)
With luck, this will get me unwedged. But if you
really didn't forget anything, try typing `2' now; then
my insertion and my current dilemma will both disappear.

d:/Note-Library/Math-note/LQR/note_template.tex:540: Display math should end with $$.
<to be read again> 
                   \endgroup 
l.540 \end{align}
                 
The `$' that I just saw supposedly matches a previous `$$'.
So I shall assume that you typed `$$' both times.

Runaway argument?
 \label {eq:g_in_J} g =& \tilde {B}^\mathrm {T}\tilde {Q} \left (\tilde \ETC.
d:/Note-Library/Math-note/LQR/note_template.tex:554: Paragraph ended before \align was complete.
<to be read again> 
                   \par 
l.554 
      
I suspect you've forgotten a `}', causing me to apply this
control sequence to too much text. How can we recover?
My plan is to forget the whole thing and hope for the best.

d:/Note-Library/Math-note/LQR/note_template.tex:554: Missing $ inserted.
<inserted text> 
                $
l.554 
      
I've inserted a begin-math/end-math symbol since I think
you left one out. Proceed, with fingers crossed.

d:/Note-Library/Math-note/LQR/note_template.tex:554: Missing \endgroup inserted.
<inserted text> 
                \endgroup 
l.554 
      
I've inserted something that you may have forgotten.
(See the <inserted text> above.)
With luck, this will get me unwedged. But if you
really didn't forget anything, try typing `2' now; then
my insertion and my current dilemma will both disappear.

d:/Note-Library/Math-note/LQR/note_template.tex:554: Display math should end with $$.
<to be read again> 
                   \tex_par:D 
l.554 
      
The `$' that I just saw supposedly matches a previous `$$'.
So I shall assume that you typed `$$' both times.

d:/Note-Library/Math-note/LQR/note_template.tex:555: Misplaced alignment tab character &.
<recently read> &
                 
l.555 =&
         \left( \tilde{B}^\mathrm{T}\tilde{Q} + \tilde{S}^\mathrm{T} \right)...
I can't figure out why you would want to use a tab mark
here. If you just want an ampersand, the remedy is
simple: Just type `I\&' now. But if some right brace
up above has ended a previous alignment prematurely,
you're probably due for more error messages, and you
might try typing `S' now just to see what is salvageable.

d:/Note-Library/Math-note/LQR/note_template.tex:555: Missing $ inserted.
<inserted text> 
                $
l.555 =& \left
              ( \tilde{B}^\mathrm{T}\tilde{Q} + \tilde{S}^\mathrm{T} \right)...
I've inserted a begin-math/end-math symbol since I think
you left one out. Proceed, with fingers crossed.

d:/Note-Library/Math-note/LQR/note_template.tex:559: Misplaced \cr.
\math@cr@@@ ->\cr 
                  
l.559 \end{align}
                 
I can't figure out why you would want to use a tab mark
or \cr or \span just now. If something like a right brace
up above has ended a previous alignment prematurely,
you're probably due for more error messages, and you
might try typing `S' now just to see what is salvageable.

d:/Note-Library/Math-note/LQR/note_template.tex:559: Misplaced \noalign.
\math@cr@@ ... \iffalse }\fi \math@cr@@@ \noalign 
                                                  {\vskip #1\relax }
l.559 \end{align}
                 
I expect to see \noalign only after the \cr of
an alignment. Proceed, and I'll ignore this case.

d:/Note-Library/Math-note/LQR/note_template.tex:559: Missing $ inserted.
<inserted text> 
                $
l.559 \end{align}
                 
I've inserted a begin-math/end-math symbol since I think
you left one out. Proceed, with fingers crossed.

d:/Note-Library/Math-note/LQR/note_template.tex:559: Missing } inserted.
<inserted text> 
                }
l.559 \end{align}
                 
I've inserted something that you may have forgotten.
(See the <inserted text> above.)
With luck, this will get me unwedged. But if you
really didn't forget anything, try typing `2' now; then
my insertion and my current dilemma will both disappear.

d:/Note-Library/Math-note/LQR/note_template.tex:559: Extra }, or forgotten \endgroup.
\math@cr@@ ...th@cr@@@ \noalign {\vskip #1\relax }
                                                  
l.559 \end{align}
                 
I've deleted a group-closing symbol because it seems to be
spurious, as in `$x}$'. But perhaps the } is legitimate and
you forgot something else, as in `\hbox{$x}'. In such cases
the way to recover is to insert both the forgotten and the
deleted material, e.g., by typing `I$}'.

d:/Note-Library/Math-note/LQR/note_template.tex:559: Misplaced \noalign.
\black@ #1->\noalign 
                     {\ifdim #1>\displaywidth \dimen@ \prevdepth \nointerlin...
l.559 \end{align}
                 
I expect to see \noalign only after the \cr of
an alignment. Proceed, and I'll ignore this case.


Overfull \hbox (354.44095pt too wide) detected at line 559
[]
 []

d:/Note-Library/Math-note/LQR/note_template.tex:559: Extra }, or forgotten \endgroup.
\endalign ->\math@cr \black@ \totwidth@ \egroup 
                                                \ifingather@ \restorealignst...
l.559 \end{align}
                 
I've deleted a group-closing symbol because it seems to be
spurious, as in `$x}$'. But perhaps the } is legitimate and
you forgot something else, as in `\hbox{$x}'. In such cases
the way to recover is to insert both the forgotten and the
deleted material, e.g., by typing `I$}'.

d:/Note-Library/Math-note/LQR/note_template.tex:559: Missing $ inserted.
<inserted text> 
                $
l.559 \end{align}
                 
I've inserted something that you may have forgotten.
(See the <inserted text> above.)
With luck, this will get me unwedged. But if you
really didn't forget anything, try typing `2' now; then
my insertion and my current dilemma will both disappear.

d:/Note-Library/Math-note/LQR/note_template.tex:559: Display math should end with $$.
<to be read again> 
                   \endgroup 
l.559 \end{align}
                 
The `$' that I just saw supposedly matches a previous `$$'.
So I shall assume that you typed `$$' both times.


LaTeX Warning: Reference `eq:J_big_matrix_type_remove_X' on page 1 undefined on input line 562.


LaTeX Warning: Reference `eq:general_discrete_finite_time_LQR_problem_detail' on page 1 undefined on input line 587.

d:/Note-Library/Math-note/LQR/note_template.tex:594: Missing $ inserted.
<inserted text> 
                $
l.594 
      
I've inserted a begin-math/end-math symbol since I think
you left one out. Proceed, with fingers crossed.

d:/Note-Library/Math-note/LQR/note_template.tex:594: Display math should end with $$.
<to be read again> 
                   \tex_par:D 
l.594 
      
The `$' that I just saw supposedly matches a previous `$$'.
So I shall assume that you typed `$$' both times.

d:/Note-Library/Math-note/LQR/note_template.tex:595: Missing $ inserted.
<inserted text> 
                $
l.595 s.t.\quad  x_
                   {k+1} = A_k x_k + B_k u_k + b_k, \quad k=0,1,\cdots,N-1
I've inserted a begin-math/end-math symbol since I think
you left one out. Proceed, with fingers crossed.

d:/Note-Library/Math-note/LQR/note_template.tex:597: Missing $ inserted.
<inserted text> 
                $
l.597 
      
I've inserted a begin-math/end-math symbol since I think
you left one out. Proceed, with fingers crossed.


Overfull \hbox (57.47292pt too wide) detected at line 611
[][][][][]
 []

[9]

LaTeX Warning: Reference `eq:KKT_lambda_k' on page 1 undefined on input line 656.


LaTeX Warning: Reference `eq:KKT_lambda_N' on page 1 undefined on input line 656.


LaTeX Warning: Reference `eq:KKT_lambda_N' on page 1 undefined on input line 656.

Runaway argument?
 \text {Primal feasible:}& \quad x_{k+1} = A_k x_k + B_k u_k + b_k, \quad \ETC.
d:/Note-Library/Math-note/LQR/note_template.tex:670: Paragraph ended before \align was complete.
<to be read again> 
                   \par 
l.670 
      
I suspect you've forgotten a `}', causing me to apply this
control sequence to too much text. How can we recover?
My plan is to forget the whole thing and hope for the best.

d:/Note-Library/Math-note/LQR/note_template.tex:670: Missing $ inserted.
<inserted text> 
                $
l.670 
      
I've inserted a begin-math/end-math symbol since I think
you left one out. Proceed, with fingers crossed.

d:/Note-Library/Math-note/LQR/note_template.tex:670: Missing \endgroup inserted.
<inserted text> 
                \endgroup 
l.670 
      
I've inserted something that you may have forgotten.
(See the <inserted text> above.)
With luck, this will get me unwedged. But if you
really didn't forget anything, try typing `2' now; then
my insertion and my current dilemma will both disappear.

d:/Note-Library/Math-note/LQR/note_template.tex:670: Display math should end with $$.
<to be read again> 
                   \tex_par:D 
l.670 
      
The `$' that I just saw supposedly matches a previous `$$'.
So I shall assume that you typed `$$' both times.

d:/Note-Library/Math-note/LQR/note_template.tex:671: Misplaced alignment tab character &.
l.671 \text{Dual feasible:}&
                             \quad \text{not exists} \nonumber \\
I can't figure out why you would want to use a tab mark
here. If you just want an ampersand, the remedy is
simple: Just type `I\&' now. But if some right brace
up above has ended a previous alignment prematurely,
you're probably due for more error messages, and you
might try typing `S' now just to see what is salvageable.


Underfull \hbox (badness 10000) in paragraph at lines 671--672

 []

[10]
d:/Note-Library/Math-note/LQR/note_template.tex:673: Misplaced alignment tab character &.
l.673 \text{Complementarity:}&
                               \quad \text{not exists} \nonumber \\
I can't figure out why you would want to use a tab mark
here. If you just want an ampersand, the remedy is
simple: Just type `I\&' now. But if some right brace
up above has ended a previous alignment prematurely,
you're probably due for more error messages, and you
might try typing `S' now just to see what is salvageable.


Underfull \hbox (badness 10000) in paragraph at lines 673--674

 []

d:/Note-Library/Math-note/LQR/note_template.tex:675: Misplaced alignment tab character &.
l.675 \text{Stationarity:}&
                            \quad
I can't figure out why you would want to use a tab mark
here. If you just want an ampersand, the remedy is
simple: Just type `I\&' now. But if some right brace
up above has ended a previous alignment prematurely,
you're probably due for more error messages, and you
might try typing `S' now just to see what is salvageable.

d:/Note-Library/Math-note/LQR/note_template.tex:676: Missing $ inserted.
<inserted text> 
                $
l.676 \begin{cases}
                   
I've inserted a begin-math/end-math symbol since I think
you left one out. Proceed, with fingers crossed.

d:/Note-Library/Math-note/LQR/note_template.tex:683: Missing $ inserted.
<inserted text> 
                $
l.683 \end{cases}
                 
I've inserted something that you may have forgotten.
(See the <inserted text> above.)
With luck, this will get me unwedged. But if you
really didn't forget anything, try typing `2' now; then
my insertion and my current dilemma will both disappear.

d:/Note-Library/Math-note/LQR/note_template.tex:684: Misplaced \cr.
\math@cr@@@ ->\cr 
                  
l.684 \end{align}
                 
I can't figure out why you would want to use a tab mark
or \cr or \span just now. If something like a right brace
up above has ended a previous alignment prematurely,
you're probably due for more error messages, and you
might try typing `S' now just to see what is salvageable.

d:/Note-Library/Math-note/LQR/note_template.tex:684: Misplaced \noalign.
\math@cr@@ ... \iffalse }\fi \math@cr@@@ \noalign 
                                                  {\vskip #1\relax }
l.684 \end{align}
                 
I expect to see \noalign only after the \cr of
an alignment. Proceed, and I'll ignore this case.

d:/Note-Library/Math-note/LQR/note_template.tex:684: Misplaced \noalign.
\black@ #1->\noalign 
                     {\ifdim #1>\displaywidth \dimen@ \prevdepth \nointerlin...
l.684 \end{align}
                 
I expect to see \noalign only after the \cr of
an alignment. Proceed, and I'll ignore this case.


Overfull \hbox (354.44095pt too wide) detected at line 684
[]
 []

d:/Note-Library/Math-note/LQR/note_template.tex:684: Extra }, or forgotten \endgroup.
\endalign ->\math@cr \black@ \totwidth@ \egroup 
                                                \ifingather@ \restorealignst...
l.684 \end{align}
                 
I've deleted a group-closing symbol because it seems to be
spurious, as in `$x}$'. But perhaps the } is legitimate and
you forgot something else, as in `\hbox{$x}'. In such cases
the way to recover is to insert both the forgotten and the
deleted material, e.g., by typing `I$}'.

d:/Note-Library/Math-note/LQR/note_template.tex:684: Missing $ inserted.
<inserted text> 
                $
l.684 \end{align}
                 
I've inserted something that you may have forgotten.
(See the <inserted text> above.)
With luck, this will get me unwedged. But if you
really didn't forget anything, try typing `2' now; then
my insertion and my current dilemma will both disappear.

d:/Note-Library/Math-note/LQR/note_template.tex:684: Display math should end with $$.
<to be read again> 
                   \endgroup 
l.684 \end{align}
                 
The `$' that I just saw supposedly matches a previous `$$'.
So I shall assume that you typed `$$' both times.


LaTeX Warning: Reference `eq:KKT_u_k' on page 1 undefined on input line 690.


LaTeX Warning: Reference `eq:KKT_lambda_N' on page 1 undefined on input line 694.


Overfull \hbox (24.27074pt too wide) detected at line 706
[][][]\OML/cmm/m/it/12.05 u[] \OT1/cmr/m/n/12.05 = \OMS/cmsy/m/n/12.05 ^^@\OML/cmm/m/it/12.05 R[]S[]x[] \OMS/cmsy/m/n/12.05 ^^@ \OML/cmm/m/it/12.05 R[]\OMS/cmsy/m/n/12.05 f\OML/cmm/m/it/12.05 r[] \OT1/cmr/m/n/12.05 + \OML/cmm/m/it/12.05 B[] []\OMS/cmsy/m/n/12.05 g
 []

[11]

LaTeX Warning: Reference `eq:KKT_lambda_k' on page 1 undefined on input line 739.


LaTeX Warning: Reference `eq:KKT_lambda_N' on page 1 undefined on input line 746.


LaTeX Warning: Reference `eq:KKT_u_N_minus_1_normal_type' on page 1 undefined on input line 750.


d:/Note-Library/Math-note/LQR/note_template.tex:756: Package amsmath Error: \begin{aligned} allowed only in math mode.

See the amsmath package documentation for explanation.
Type  H <return>  for immediate help.
 ...                                              
                                                  
l.756 \lambda
             _{N-1}
You're in trouble here.  Try typing  <return>  to proceed.
If that doesn't work, type  X <return>  to quit.

d:/Note-Library/Math-note/LQR/note_template.tex:756: Missing $ inserted.
<inserted text> 
                $
l.756 \lambda
             _{N-1}
I've inserted a begin-math/end-math symbol since I think
you left one out. Proceed, with fingers crossed.

d:/Note-Library/Math-note/LQR/note_template.tex:759: Missing $ inserted.
<inserted text> 
                $
l.759 
      
I've inserted a begin-math/end-math symbol since I think
you left one out. Proceed, with fingers crossed.

d:/Note-Library/Math-note/LQR/note_template.tex:759: Missing } inserted.
<inserted text> 
                }
l.759 
      
I've inserted something that you may have forgotten.
(See the <inserted text> above.)
With luck, this will get me unwedged. But if you
really didn't forget anything, try typing `2' now; then
my insertion and my current dilemma will both disappear.

d:/Note-Library/Math-note/LQR/note_template.tex:759: Missing } inserted.
<inserted text> 
                }
l.759 
      
I've inserted something that you may have forgotten.
(See the <inserted text> above.)
With luck, this will get me unwedged. But if you
really didn't forget anything, try typing `2' now; then
my insertion and my current dilemma will both disappear.

d:/Note-Library/Math-note/LQR/note_template.tex:759: Missing \cr inserted.
<inserted text> 
                \cr 
l.759 
      
I'm guessing that you meant to end an alignment here.

d:/Note-Library/Math-note/LQR/note_template.tex:759: Missing { inserted.
<inserted text> 
                {
l.759 
      
I've put in what seems to be necessary to fix
the current column of the current alignment.
Try to go on, since this might almost work.

d:/Note-Library/Math-note/LQR/note_template.tex:759: Missing $ inserted.
<inserted text> 
                $
l.759 
      
I've inserted a begin-math/end-math symbol since I think
you left one out. Proceed, with fingers crossed.

d:/Note-Library/Math-note/LQR/note_template.tex:760: Misplaced \crcr.
\endaligned ->\crcr 
                    \egroup \restorecolumn@ \egroup 
l.760 \end{aligned}
                   
I can't figure out why you would want to use a tab mark
or \cr or \span just now. If something like a right brace
up above has ended a previous alignment prematurely,
you're probably due for more error messages, and you
might try typing `S' now just to see what is salvageable.

d:/Note-Library/Math-note/LQR/note_template.tex:760: Extra }, or forgotten $.
\endaligned ...cr \egroup \restorecolumn@ \egroup 
                                                  
l.760 \end{aligned}
                   
I've deleted a group-closing symbol because it seems to be
spurious, as in `$x}$'. But perhaps the } is legitimate and
you forgot something else, as in `\hbox{$x}'. In such cases
the way to recover is to insert both the forgotten and the
deleted material, e.g., by typing `I$}'.

d:/Note-Library/Math-note/LQR/note_template.tex:760: Missing $ inserted.
<inserted text> 
                $
l.760 \end{aligned}
                   
I've inserted something that you may have forgotten.
(See the <inserted text> above.)
With luck, this will get me unwedged. But if you
really didn't forget anything, try typing `2' now; then
my insertion and my current dilemma will both disappear.


LaTeX Warning: Reference `eq:KKT_lambda_N' on page 1 undefined on input line 773.


LaTeX Warning: Reference `eq:KKT_lambda_N_minus_1_substitude_lambda_N_and_u_N_minus_1' on page 1 undefined on input line 773.


LaTeX Warning: Reference `eq:KKT_lambda_N' on page 1 undefined on input line 781.


LaTeX Warning: Reference `eq:KKT_lambda_N_minus_1_substitude_lambda_N_and_u_N_minus_1' on page 1 undefined on input line 793.

Runaway argument?
 \label {eq:KKT_P_N_minus_1_detail} P_{N-1} =& Q_{N-1} + A_{N-1} ^\mathrm \ETC.
d:/Note-Library/Math-note/LQR/note_template.tex:800: Paragraph ended before \align was complete.
<to be read again> 
                   \par 
l.800 
      
I suspect you've forgotten a `}', causing me to apply this
control sequence to too much text. How can we recover?
My plan is to forget the whole thing and hope for the best.

d:/Note-Library/Math-note/LQR/note_template.tex:800: Missing $ inserted.
<inserted text> 
                $
l.800 
      
I've inserted a begin-math/end-math symbol since I think
you left one out. Proceed, with fingers crossed.

d:/Note-Library/Math-note/LQR/note_template.tex:800: Missing \endgroup inserted.
<inserted text> 
                \endgroup 
l.800 
      
I've inserted something that you may have forgotten.
(See the <inserted text> above.)
With luck, this will get me unwedged. But if you
really didn't forget anything, try typing `2' now; then
my insertion and my current dilemma will both disappear.

d:/Note-Library/Math-note/LQR/note_template.tex:800: Display math should end with $$.
<to be read again> 
                   \tex_par:D 
l.800 
      
The `$' that I just saw supposedly matches a previous `$$'.
So I shall assume that you typed `$$' both times.

d:/Note-Library/Math-note/LQR/note_template.tex:802: Missing $ inserted.
<inserted text> 
                $
l.802 p_
        {N-1}
I've inserted a begin-math/end-math symbol since I think
you left one out. Proceed, with fingers crossed.

d:/Note-Library/Math-note/LQR/note_template.tex:803: Misplaced alignment tab character &.
l.803 =&
         q_{N-1}
I can't figure out why you would want to use a tab mark
here. If you just want an ampersand, the remedy is
simple: Just type `I\&' now. But if some right brace
up above has ended a previous alignment prematurely,
you're probably due for more error messages, and you
might try typing `S' now just to see what is salvageable.

d:/Note-Library/Math-note/LQR/note_template.tex:807: Misplaced \cr.
\math@cr@@@ ->\cr 
                  
l.807 \end{align}
                 
I can't figure out why you would want to use a tab mark
or \cr or \span just now. If something like a right brace
up above has ended a previous alignment prematurely,
you're probably due for more error messages, and you
might try typing `S' now just to see what is salvageable.

d:/Note-Library/Math-note/LQR/note_template.tex:807: Misplaced \noalign.
\math@cr@@ ... \iffalse }\fi \math@cr@@@ \noalign 
                                                  {\vskip #1\relax }
l.807 \end{align}
                 
I expect to see \noalign only after the \cr of
an alignment. Proceed, and I'll ignore this case.

d:/Note-Library/Math-note/LQR/note_template.tex:807: Missing $ inserted.
<inserted text> 
                $
l.807 \end{align}
                 
I've inserted a begin-math/end-math symbol since I think
you left one out. Proceed, with fingers crossed.

d:/Note-Library/Math-note/LQR/note_template.tex:807: Missing } inserted.
<inserted text> 
                }
l.807 \end{align}
                 
I've inserted something that you may have forgotten.
(See the <inserted text> above.)
With luck, this will get me unwedged. But if you
really didn't forget anything, try typing `2' now; then
my insertion and my current dilemma will both disappear.

d:/Note-Library/Math-note/LQR/note_template.tex:807: Extra }, or forgotten \endgroup.
\math@cr@@ ...th@cr@@@ \noalign {\vskip #1\relax }
                                                  
l.807 \end{align}
                 
I've deleted a group-closing symbol because it seems to be
spurious, as in `$x}$'. But perhaps the } is legitimate and
you forgot something else, as in `\hbox{$x}'. In such cases
the way to recover is to insert both the forgotten and the
deleted material, e.g., by typing `I$}'.

d:/Note-Library/Math-note/LQR/note_template.tex:807: Misplaced \noalign.
\black@ #1->\noalign 
                     {\ifdim #1>\displaywidth \dimen@ \prevdepth \nointerlin...
l.807 \end{align}
                 
I expect to see \noalign only after the \cr of
an alignment. Proceed, and I'll ignore this case.


Overfull \hbox (354.44095pt too wide) detected at line 807
[]
 []

d:/Note-Library/Math-note/LQR/note_template.tex:807: Extra }, or forgotten \endgroup.
\endalign ->\math@cr \black@ \totwidth@ \egroup 
                                                \ifingather@ \restorealignst...
l.807 \end{align}
                 
I've deleted a group-closing symbol because it seems to be
spurious, as in `$x}$'. But perhaps the } is legitimate and
you forgot something else, as in `\hbox{$x}'. In such cases
the way to recover is to insert both the forgotten and the
deleted material, e.g., by typing `I$}'.

d:/Note-Library/Math-note/LQR/note_template.tex:807: Missing $ inserted.
<inserted text> 
                $
l.807 \end{align}
                 
I've inserted something that you may have forgotten.
(See the <inserted text> above.)
With luck, this will get me unwedged. But if you
really didn't forget anything, try typing `2' now; then
my insertion and my current dilemma will both disappear.

d:/Note-Library/Math-note/LQR/note_template.tex:807: Display math should end with $$.
<to be read again> 
                   \endgroup 
l.807 \end{align}
                 
The `$' that I just saw supposedly matches a previous `$$'.
So I shall assume that you typed `$$' both times.

[12]

LaTeX Warning: Reference `eq:KKT_u_k' on page 1 undefined on input line 834.


LaTeX Warning: Reference `eq:KKT_u_k_detail' on page 1 undefined on input line 874.


LaTeX Warning: Reference `eq:KKT_u_k_normal_type' on page 1 undefined on input line 881.


LaTeX Warning: Reference `eq:KKT_lambda_k_plus_1_normal_type' on page 1 undefined on input line 881.


LaTeX Warning: Reference `eq:KKT_x_k_plus_1_normal_type' on page 1 undefined on input line 881.


LaTeX Warning: Reference `eq:KKT_lambda_k' on page 1 undefined on input line 881.


Overfull \hbox (26.58794pt too wide) detected at line 885
\OML/cmm/m/it/12.05 ^^U[] \OT1/cmr/m/n/12.05 = \OML/cmm/m/it/12.05 Q[]x[] \OT1/cmr/m/n/12.05 + \OML/cmm/m/it/12.05 S[] [] \OT1/cmr/m/n/12.05 + \OML/cmm/m/it/12.05 q[] \OT1/cmr/m/n/12.05 + \OML/cmm/m/it/12.05 A[] [] ;  k \OT1/cmr/m/n/12.05 = 1\OML/cmm/m/it/12.05 ; \OT1/cmr/m/n/12.05 2\OML/cmm/m/it/12.05 ; []  ; N \OMS/cmsy/m/n/12.05 ^^@ \OT1/cmr/m/n/12.05 1
 []

[13]

LaTeX Warning: Reference `eq:KKT_lambda_k_substitude' on page 1 undefined on input line 912.


LaTeX Warning: Reference `eq:KKT_lambda_k_normal_type' on page 1 undefined on input line 912.

[14]

LaTeX Warning: Reference `eq:general_discrete_finite_time_LQR_problem_detail' on page 1 undefined on input line 976.

d:/Note-Library/Math-note/LQR/note_template.tex:983: Missing $ inserted.
<inserted text> 
                $
l.983 
      
I've inserted a begin-math/end-math symbol since I think
you left one out. Proceed, with fingers crossed.

d:/Note-Library/Math-note/LQR/note_template.tex:983: Display math should end with $$.
<to be read again> 
                   \tex_par:D 
l.983 
      
The `$' that I just saw supposedly matches a previous `$$'.
So I shall assume that you typed `$$' both times.

d:/Note-Library/Math-note/LQR/note_template.tex:984: Missing $ inserted.
<inserted text> 
                $
l.984 s.t.\quad  x_
                   {k+1} = A_k x_k + B_k u_k + b_k, \quad k=0,1,\cdots,N-1
I've inserted a begin-math/end-math symbol since I think
you left one out. Proceed, with fingers crossed.

d:/Note-Library/Math-note/LQR/note_template.tex:987: Missing $ inserted.
<inserted text> 
                $
l.987 
      
I've inserted a begin-math/end-math symbol since I think
you left one out. Proceed, with fingers crossed.

Missing character: There is no 下 (U+4E0B) in font Times New Roman/OT:script=latn;language=dflt;mapping=tex-text;!
Missing character: There is no 面 (U+9762) in font Times New Roman/OT:script=latn;language=dflt;mapping=tex-text;!
Missing character: There is no 分 (U+5206) in font Times New Roman/OT:script=latn;language=dflt;mapping=tex-text;!
Missing character: There is no 别 (U+522B) in font Times New Roman/OT:script=latn;language=dflt;mapping=tex-text;!
Missing character: There is no 将 (U+5C06) in font Times New Roman/OT:script=latn;language=dflt;mapping=tex-text;!
Missing character: There is no 目 (U+76EE) in font Times New Roman/OT:script=latn;language=dflt;mapping=tex-text;!
Missing character: There is no 标 (U+6807) in font Times New Roman/OT:script=latn;language=dflt;mapping=tex-text;!
Missing character: There is no 函 (U+51FD) in font Times New Roman/OT:script=latn;language=dflt;mapping=tex-text;!
Missing character: There is no 数 (U+6570) in font Times New Roman/OT:script=latn;language=dflt;mapping=tex-text;!
Missing character: There is no 和 (U+548C) in font Times New Roman/OT:script=latn;language=dflt;mapping=tex-text;!
Missing character: There is no 约 (U+7EA6) in font Times New Roman/OT:script=latn;language=dflt;mapping=tex-text;!
Missing character: There is no 束 (U+675F) in font Times New Roman/OT:script=latn;language=dflt;mapping=tex-text;!
Missing character: There is no 条 (U+6761) in font Times New Roman/OT:script=latn;language=dflt;mapping=tex-text;!
Missing character: There is no 件 (U+4EF6) in font Times New Roman/OT:script=latn;language=dflt;mapping=tex-text;!
Missing character: There is no 写 (U+5199) in font Times New Roman/OT:script=latn;language=dflt;mapping=tex-text;!
Missing character: There is no 成 (U+6210) in font Times New Roman/OT:script=latn;language=dflt;mapping=tex-text;!
Missing character: There is no 大 (U+5927) in font Times New Roman/OT:script=latn;language=dflt;mapping=tex-text;!
Missing character: There is no 矩 (U+77E9) in font Times New Roman/OT:script=latn;language=dflt;mapping=tex-text;!
Missing character: There is no 阵 (U+9635) in font Times New Roman/OT:script=latn;language=dflt;mapping=tex-text;!
Missing character: There is no 形 (U+5F62) in font Times New Roman/OT:script=latn;language=dflt;mapping=tex-text;!
Missing character: There is no 式 (U+5F0F) in font Times New Roman/OT:script=latn;language=dflt;mapping=tex-text;!

Overfull \hbox (23.54977pt too wide) in paragraph at lines 984--987
[]\TU/TimesNewRoman(0)/m/n/12.05 s.t. x$[] \OT1/cmr/m/n/12.05 = \OML/cmm/m/it/12.05 A[]x[] \OT1/cmr/m/n/12.05 + \OML/cmm/m/it/12.05 B[]u[] \OT1/cmr/m/n/12.05 + \OML/cmm/m/it/12.05 b[];  k \OT1/cmr/m/n/12.05 = 0\OML/cmm/m/it/12.05 ; \OT1/cmr/m/n/12.05 1\OML/cmm/m/it/12.05 ; []  ; N \OMS/cmsy/m/n/12.05 ^^@ \OT1/cmr/m/n/12.05 1$$[][][][][][][][][][][][][][][][][][][][][]$ 
 []

[15]
d:/Note-Library/Math-note/LQR/note_template.tex:1079: Missing $ inserted.
<inserted text> 
                $
l.1079 
       
I've inserted a begin-math/end-math symbol since I think
you left one out. Proceed, with fingers crossed.

d:/Note-Library/Math-note/LQR/note_template.tex:1079: Display math should end with $$.
<to be read again> 
                   \tex_par:D 
l.1079 
       
The `$' that I just saw supposedly matches a previous `$$'.
So I shall assume that you typed `$$' both times.

d:/Note-Library/Math-note/LQR/note_template.tex:1080: Missing $ inserted.
<inserted text> 
                $
l.1080 =\begin{bmatrix}
                       
I've inserted a begin-math/end-math symbol since I think
you left one out. Proceed, with fingers crossed.

d:/Note-Library/Math-note/LQR/note_template.tex:1090: Missing $ inserted.
<inserted text> 
                $
l.1090 \end{bmatrix}
                    
I've inserted something that you may have forgotten.
(See the <inserted text> above.)
With luck, this will get me unwedged. But if you
really didn't forget anything, try typing `2' now; then
my insertion and my current dilemma will both disappear.

d:/Note-Library/Math-note/LQR/note_template.tex:1091: Missing $ inserted.
<inserted text> 
                $
l.1091 ,\quad f \in
                    \mathbb{R}^{[(N+1)n+Np] \times 1}
I've inserted a begin-math/end-math symbol since I think
you left one out. Proceed, with fingers crossed.

d:/Note-Library/Math-note/LQR/note_template.tex:1092: You can't use `\eqno' in math mode.
\veqno ->\@kernel@eqno 
                       \aftergroup \ignorespaces 
l.1092 \end{equation}
                     
Sorry, but I'm not programmed to handle this case;
I'll just pretend that you didn't ask for it.
If you're in the wrong mode, you might be able to
return to the right one by typing `I}' or `I$' or `I\par'.

d:/Note-Library/Math-note/LQR/note_template.tex:1092: Missing $ inserted.
<inserted text> 
                $
l.1092 \end{equation}
                     
I've inserted something that you may have forgotten.
(See the <inserted text> above.)
With luck, this will get me unwedged. But if you
really didn't forget anything, try typing `2' now; then
my insertion and my current dilemma will both disappear.


LaTeX Warning: Reference `eq:general_discrete_finite_time_LQR_problem_detail' on page 1 undefined on input line 1094.

[16]

LaTeX Warning: Reference `eq:block_KKT_N_state_space' on page 1 undefined on input line 1143.

[17]
Runaway argument?
 \label {eq:block_KKT_condition} \text {Primal feasible:}& \quad G z \ETC.
d:/Note-Library/Math-note/LQR/note_template.tex:1195: Paragraph ended before \align was complete.
<to be read again> 
                   \par 
l.1195 
       
I suspect you've forgotten a `}', causing me to apply this
control sequence to too much text. How can we recover?
My plan is to forget the whole thing and hope for the best.

d:/Note-Library/Math-note/LQR/note_template.tex:1195: Missing $ inserted.
<inserted text> 
                $
l.1195 
       
I've inserted a begin-math/end-math symbol since I think
you left one out. Proceed, with fingers crossed.

d:/Note-Library/Math-note/LQR/note_template.tex:1195: Missing \endgroup inserted.
<inserted text> 
                \endgroup 
l.1195 
       
I've inserted something that you may have forgotten.
(See the <inserted text> above.)
With luck, this will get me unwedged. But if you
really didn't forget anything, try typing `2' now; then
my insertion and my current dilemma will both disappear.

d:/Note-Library/Math-note/LQR/note_template.tex:1195: Display math should end with $$.
<to be read again> 
                   \tex_par:D 
l.1195 
       
The `$' that I just saw supposedly matches a previous `$$'.
So I shall assume that you typed `$$' both times.

d:/Note-Library/Math-note/LQR/note_template.tex:1196: Misplaced alignment tab character &.
l.1196 \text{Dual feasible:}&
                              \quad \text{not exists} \nonumber \\
I can't figure out why you would want to use a tab mark
here. If you just want an ampersand, the remedy is
simple: Just type `I\&' now. But if some right brace
up above has ended a previous alignment prematurely,
you're probably due for more error messages, and you
might try typing `S' now just to see what is salvageable.


Underfull \hbox (badness 10000) in paragraph at lines 1196--1197

 []

d:/Note-Library/Math-note/LQR/note_template.tex:1198: Misplaced alignment tab character &.
l.1198 \text{Complementarity:}&
                                \quad \text{not exists} \nonumber \\
I can't figure out why you would want to use a tab mark
here. If you just want an ampersand, the remedy is
simple: Just type `I\&' now. But if some right brace
up above has ended a previous alignment prematurely,
you're probably due for more error messages, and you
might try typing `S' now just to see what is salvageable.


Underfull \hbox (badness 10000) in paragraph at lines 1198--1199

 []

d:/Note-Library/Math-note/LQR/note_template.tex:1200: Misplaced alignment tab character &.
l.1200 \text{Stationarity:}&
                             \quad
I can't figure out why you would want to use a tab mark
here. If you just want an ampersand, the remedy is
simple: Just type `I\&' now. But if some right brace
up above has ended a previous alignment prematurely,
you're probably due for more error messages, and you
might try typing `S' now just to see what is salvageable.

d:/Note-Library/Math-note/LQR/note_template.tex:1201: Missing $ inserted.
<inserted text> 
                $
l.1201 H z + f + \lambda
                        ^\mathrm{T} G =0
I've inserted a begin-math/end-math symbol since I think
you left one out. Proceed, with fingers crossed.

d:/Note-Library/Math-note/LQR/note_template.tex:1202: Misplaced \cr.
\math@cr@@@ ->\cr 
                  
l.1202 \end{align}
                  
I can't figure out why you would want to use a tab mark
or \cr or \span just now. If something like a right brace
up above has ended a previous alignment prematurely,
you're probably due for more error messages, and you
might try typing `S' now just to see what is salvageable.

d:/Note-Library/Math-note/LQR/note_template.tex:1202: Misplaced \noalign.
\math@cr@@ ... \iffalse }\fi \math@cr@@@ \noalign 
                                                  {\vskip #1\relax }
l.1202 \end{align}
                  
I expect to see \noalign only after the \cr of
an alignment. Proceed, and I'll ignore this case.

d:/Note-Library/Math-note/LQR/note_template.tex:1202: Missing $ inserted.
<inserted text> 
                $
l.1202 \end{align}
                  
I've inserted a begin-math/end-math symbol since I think
you left one out. Proceed, with fingers crossed.

d:/Note-Library/Math-note/LQR/note_template.tex:1202: Missing } inserted.
<inserted text> 
                }
l.1202 \end{align}
                  
I've inserted something that you may have forgotten.
(See the <inserted text> above.)
With luck, this will get me unwedged. But if you
really didn't forget anything, try typing `2' now; then
my insertion and my current dilemma will both disappear.

d:/Note-Library/Math-note/LQR/note_template.tex:1202: Extra }, or forgotten \endgroup.
\math@cr@@ ...th@cr@@@ \noalign {\vskip #1\relax }
                                                  
l.1202 \end{align}
                  
I've deleted a group-closing symbol because it seems to be
spurious, as in `$x}$'. But perhaps the } is legitimate and
you forgot something else, as in `\hbox{$x}'. In such cases
the way to recover is to insert both the forgotten and the
deleted material, e.g., by typing `I$}'.

d:/Note-Library/Math-note/LQR/note_template.tex:1202: Misplaced \noalign.
\black@ #1->\noalign 
                     {\ifdim #1>\displaywidth \dimen@ \prevdepth \nointerlin...
l.1202 \end{align}
                  
I expect to see \noalign only after the \cr of
an alignment. Proceed, and I'll ignore this case.


Overfull \hbox (354.44095pt too wide) detected at line 1202
[]
 []

d:/Note-Library/Math-note/LQR/note_template.tex:1202: Extra }, or forgotten \endgroup.
\endalign ->\math@cr \black@ \totwidth@ \egroup 
                                                \ifingather@ \restorealignst...
l.1202 \end{align}
                  
I've deleted a group-closing symbol because it seems to be
spurious, as in `$x}$'. But perhaps the } is legitimate and
you forgot something else, as in `\hbox{$x}'. In such cases
the way to recover is to insert both the forgotten and the
deleted material, e.g., by typing `I$}'.

d:/Note-Library/Math-note/LQR/note_template.tex:1202: Missing $ inserted.
<inserted text> 
                $
l.1202 \end{align}
                  
I've inserted something that you may have forgotten.
(See the <inserted text> above.)
With luck, this will get me unwedged. But if you
really didn't forget anything, try typing `2' now; then
my insertion and my current dilemma will both disappear.

d:/Note-Library/Math-note/LQR/note_template.tex:1202: Display math should end with $$.
<to be read again> 
                   \endgroup 
l.1202 \end{align}
                  
The `$' that I just saw supposedly matches a previous `$$'.
So I shall assume that you typed `$$' both times.


LaTeX Warning: Reference `eq:block_KKT_condition_big_matrix_type' on page 1 undefined on input line 1224.

d:/Note-Library/Math-note/LQR/note_template.tex:1228: Extra alignment tab has been changed to \cr.
<recently read> \endtemplate 
                             
l.1228 ... & 0 & 0 & S_0 & 0 & \cdots & 0 & -A_0 &
                                                   0 & \cdots & 0 \\
You have given more \span or & marks than there were
in the preamble to the \halign or \valign now in progress.
So I'll assume that you meant to type \cr instead.

d:/Note-Library/Math-note/LQR/note_template.tex:1229: Extra alignment tab has been changed to \cr.
<recently read> \endtemplate 
                             
l.1229 ...ts & 0 & 0 & 0 & S_1  & \cdots & 0 & I &
                                                   -A_1 & \cdots & 0 \\
You have given more \span or & marks than there were
in the preamble to the \halign or \valign now in progress.
So I'll assume that you meant to type \cr instead.

d:/Note-Library/Math-note/LQR/note_template.tex:1230: Extra alignment tab has been changed to \cr.
<recently read> \endtemplate 
                             
l.1230 ...ots & \vdots& \ddots & \vdots & \vdots &
                                                   \vdots & \ddots & \vdots \\
You have given more \span or & marks than there were
in the preamble to the \halign or \valign now in progress.
So I'll assume that you meant to type \cr instead.

d:/Note-Library/Math-note/LQR/note_template.tex:1231: Extra alignment tab has been changed to \cr.
<recently read> \endtemplate 
                             
l.1231 ...N-1} & 0 & 0 & 0 &\cdots & S_{N-1} & 0 &
                                                   0 &\cdots & -A_{N-1} \\
You have given more \span or & marks than there were
in the preamble to the \halign or \valign now in progress.
So I'll assume that you meant to type \cr instead.

d:/Note-Library/Math-note/LQR/note_template.tex:1232: Extra alignment tab has been changed to \cr.
<recently read> \endtemplate 
                             
l.1232 ...dots & 0 & Q_N & 0 & 0 &\cdots & 0 & 0 &
                                                   0 &\cdots & 0 \\
You have given more \span or & marks than there were
in the preamble to the \halign or \valign now in progress.
So I'll assume that you meant to type \cr instead.

d:/Note-Library/Math-note/LQR/note_template.tex:1233: Extra alignment tab has been changed to \cr.
<recently read> \endtemplate 
                             
l.1233 ... & 0 & 0 & R_0 & 0 & \cdots & 0 & -B_0 &
                                                   0 & \cdots & 0\\
You have given more \span or & marks than there were
in the preamble to the \halign or \valign now in progress.
So I'll assume that you meant to type \cr instead.

d:/Note-Library/Math-note/LQR/note_template.tex:1234: Extra alignment tab has been changed to \cr.
<recently read> \endtemplate 
                             
l.1234 ...ots & 0 & 0 & 0 & R_1 & \cdots & 0 & 0 &
                                                   -B_1 & \cdots & 0\\
You have given more \span or & marks than there were
in the preamble to the \halign or \valign now in progress.
So I'll assume that you meant to type \cr instead.

d:/Note-Library/Math-note/LQR/note_template.tex:1235: Extra alignment tab has been changed to \cr.
<recently read> \endtemplate 
                             
l.1235 ...s &  \vdots & \ddots & \vdots & \vdots &
                                                    \vdots & \ddots & \vdots\\
You have given more \span or & marks than there were
in the preamble to the \halign or \valign now in progress.
So I'll assume that you meant to type \cr instead.

d:/Note-Library/Math-note/LQR/note_template.tex:1236: Extra alignment tab has been changed to \cr.
<recently read> \endtemplate 
                             
l.1236 ...& S_{N-1} & 0 & 0 & 0 & \cdots & 0 & 0 &
                                                   0 & \cdots & -B_{N-1}\\
You have given more \span or & marks than there were
in the preamble to the \halign or \valign now in progress.
So I'll assume that you meant to type \cr instead.

d:/Note-Library/Math-note/LQR/note_template.tex:1237: Extra alignment tab has been changed to \cr.
<recently read> \endtemplate 
                             
l.1237 ...ts & 0 & 0 & -B_0 & 0 & \cdots & 0 & 0 &
                                                   0 & \cdots & 0 \\
You have given more \span or & marks than there were
in the preamble to the \halign or \valign now in progress.
So I'll assume that you meant to type \cr instead.

d:/Note-Library/Math-note/LQR/note_template.tex:1238: Extra alignment tab has been changed to \cr.
<recently read> \endtemplate 
                             
l.1238 ...ts & 0 & 0 & 0 & -B_1 & \cdots & 0 & 0 &
                                                   0 & \cdots & 0 \\
You have given more \span or & marks than there were
in the preamble to the \halign or \valign now in progress.
So I'll assume that you meant to type \cr instead.

d:/Note-Library/Math-note/LQR/note_template.tex:1239: Extra alignment tab has been changed to \cr.
<recently read> \endtemplate 
                             
l.1239 ...s &  \vdots & \ddots & \vdots & \vdots &
                                                    \vdots & \ddots & \vdots \\
You have given more \span or & marks than there were
in the preamble to the \halign or \valign now in progress.
So I'll assume that you meant to type \cr instead.

d:/Note-Library/Math-note/LQR/note_template.tex:1240: Extra alignment tab has been changed to \cr.
<recently read> \endtemplate 
                             
l.1240 ...1} & 0 & 0 & 0 & \cdots & -B_{N-1} & 0 &
                                                   0 & \cdots & 0
You have given more \span or & marks than there were
in the preamble to the \halign or \valign now in progress.
So I'll assume that you meant to type \cr instead.


Overfull \hbox (7.08316pt too wide) detected at line 1261
[][][][] [] \OT1/cmr/m/n/12.05 = []
 []

[18]

LaTeX Warning: Reference `eq:block_KKT_condition_detail' on page 1 undefined on input line 1267.

d:/Note-Library/Math-note/LQR/note_template.tex:1281: Extra alignment tab has been changed to \cr.
<recently read> \endtemplate 
                             
l.1281 ...^^I  &  &  & 0 & I & Q_{N-1} & S_{N-1} &
                                                   -A_{N-1} \\
You have given more \span or & marks than there were
in the preamble to the \halign or \valign now in progress.
So I'll assume that you meant to type \cr instead.

d:/Note-Library/Math-note/LQR/note_template.tex:1282: Extra alignment tab has been changed to \cr.
<recently read> \endtemplate 
                             
l.1282 ... ^^I  &  &  &  & 0 & S_{N-1} & R_{N-1} &
                                                   -B_{N-1} & 0 \\
You have given more \span or & marks than there were
in the preamble to the \halign or \valign now in progress.
So I'll assume that you meant to type \cr instead.

d:/Note-Library/Math-note/LQR/note_template.tex:1283: Extra alignment tab has been changed to \cr.
<recently read> \endtemplate 
                             
l.1283 ... ^^I  &  &  &  & & -A_{N-1} & -B_{N-1} &
                                                   0 & I \\
You have given more \span or & marks than there were
in the preamble to the \halign or \valign now in progress.
So I'll assume that you meant to type \cr instead.

d:/Note-Library/Math-note/LQR/note_template.tex:1284: Extra alignment tab has been changed to \cr.
<recently read> \endtemplate 
                             
l.1284 &  &  & ^^I  &  &  &  & &  & 0 &
                                        I & Q_N
You have given more \span or & marks than there were
in the preamble to the \halign or \valign now in progress.
So I'll assume that you meant to type \cr instead.


Overfull \hbox (50.4254pt too wide) detected at line 1305
[][][][] [] \OT1/cmr/m/n/12.05 = []
 []

[19]

LaTeX Warning: Reference `eq:block_KKT_condition_sorted_by_time' on page 1 undefined on input line 1307.


LaTeX Warning: Reference `tab:001' on page 1 undefined on input line 1317.


LaTeX Font Warning: Font shape `TU/SimSun(1)/b/n' undefined
(Font)              using `TU/SimSun(1)/m/n' instead on input line 1320.


LaTeX Warning: Reference `fig:circuit-diagram' on page 1 undefined on input line 1336.

File: figures/beautiful_sight.jpg Graphic file (type bmp)
<figures/beautiful_sight.jpg>
[20]

Package caption Warning: Unused \captionsetup[sub] on input line 11.
See the caption package documentation for explanation.

[21] (./note_template.aux)
 ***********
LaTeX2e <2023-11-01> patch level 1
L3 programming layer <2022/08/05>
 ***********


LaTeX Font Warning: Some font shapes were not available, defaults substituted.


LaTeX Warning: There were undefined references.


LaTeX Warning: Label(s) may have changed. Rerun to get cross-references right.


Package rerunfilecheck Warning: File `note_template.out' has changed.
(rerunfilecheck)                Rerun to get outlines right
(rerunfilecheck)                or use package `bookmark'.

Package rerunfilecheck Info: Checksums for `note_template.out':
(rerunfilecheck)             Before: <no file>
(rerunfilecheck)             After:  59203D3F56242C564F02CB0D5AC3B050;2716.
 ) 
Here is how much of TeX's memory you used:
 34375 strings out of 476720
 718774 string characters out of 5801444
 1966842 words of memory out of 5000000
 55780 multiletter control sequences out of 15000+600000
 574564 words of font info for 150 fonts, out of 8000000 for 9000
 36 hyphenation exceptions out of 8191
 108i,10n,114p,507b,652s stack positions out of 10000i,1000n,20000p,200000b,200000s

Output written on note_template.pdf (21 pages).
